profile_id,stop_depth_fsw,duration_air_min,duration_o2_min,can_enter_chamber
1,20,0,0,1
2,20,5,1,1
3,20,22,5,1
4,20,42,9,1
5,20,71,14,1
6,20,92,19,1
7,20,120,22,1
8,20,158,27,1
9,20,0,0,1
10,20,4,2,1
11,20,28,7,1
12,20,53,13,1
13,20,71,18,1
14,20,88,22,1
15,20,134,29,1
16,20,173,38,1
17,20,228,45,1
18,20,277,53,1
19,20,314,63,1
20,20,342,71,1
21,20,0,0,1
22,20,6,2,1
23,20,14,5,1
24,20,21,7,1
25,20,27,9,1
26,20,39,11,1
27,20,52,12,1
28,20,64,16,1
29,20,75,19,1
30,20,101,26,1
31,20,128,33,1
32,20,160,38,1
33,20,184,44,1
34,20,248,56,1
35,20,321,68,1
36,20,372,80,1
37,20,410,93,1
38,20,439,103,1
39,20,461,112,1
40,20,0,0,1
41,20,2,1,1
42,20,14,5,1
43,20,25,8,1
44,20,34,11,1
45,20,41,14,1
46,20,59,17,1
47,20,75,19,1
48,20,89,23,1
49,20,101,27,1
50,20,112,30,1
51,20,121,33,1
52,20,130,37,1
53,20,173,45,1
54,20,206,51,1
55,20,243,61,1
56,20,288,69,1
57,20,373,84,1
58,20,431,101,1
59,20,473,117,1
60,20,0,0,1
61,20,2,1,1
62,20,4,2,1
63,20,8,4,1
64,20,21,7,1
65,20,34,12,1
66,20,45,16,1
67,20,56,19,1
68,20,78,23,1
69,20,96,26,1
70,20,111,30,1
71,20,125,35,1
72,20,136,39,1
73,20,147,43,1
74,20,166,47,1
75,20,183,50,1
76,20,198,53,1
77,20,236,62,1
78,20,285,74,1
79,20,345,83,1
80,20,393,92,1
81,20,464,113,1
82,20,0,0,1
83,20,1,1,1
84,20,4,2,1
85,20,10,5,1
86,20,17,8,1
87,20,34,12,1
88,20,48,17,1
89,20,59,22,1
90,20,84,26,1
91,20,105,30,1
92,20,123,34,1
93,20,138,40,1
94,20,151,45,1
95,20,169,50,1
96,20,190,54,1
97,20,208,58,1
98,20,224,62,1
99,20,239,66,1
100,20,254,69,1
101,20,313,83,1
102,20,380,94,1
103,20,432,106,1
104,20,474,118,1
105,20,0,0,1
106,20,2,1,1
107,20,7,4,1
108,20,14,7,1
109,20,23,10,1
110,20,42,15,1
111,20,57,21,1
112,20,75,26,1
113,20,102,31,1
114,20,124,35,1
115,20,143,41,1
116,20,158,48,1
117,20,178,53,1
118,20,201,59,1
119,20,222,64,1
120,20,240,68,1
121,20,256,73,1
122,20,278,77,1
123,20,300,82,1
124,20,321,88,1
125,20,398,102,1
126,20,456,115,1
127,20,0,0,1
128,20,2,1,1
129,20,9,5,1
130,20,14,8,1
131,20,24,13,1
132,20,44,17,1
133,20,64,24,1
134,20,88,31,1
135,20,120,38,1
136,20,145,44,1
137,20,167,51,1
138,20,189,59,1
139,20,219,66,1
140,30,1,1,0
140,20,244,72,1
141,30,2,1,0
141,20,265,78,1
142,30,4,2,0
142,20,289,83,1
143,30,5,3,0
143,20,316,88,1
144,30,9,5,0
144,20,345,93,1
145,30,13,7,0
145,20,378,98,1
146,30,25,13,0
146,20,454,110,1
147,20,0,0,1
148,20,1,1,1
149,20,10,5,1
150,20,17,9,1
151,20,24,13,1
152,20,30,16,1
153,20,54,22,1
154,20,77,30,1
155,20,114,39,1
156,30,1,1,0
156,20,147,46,1
157,30,6,3,0
157,20,171,51,1
158,30,10,5,0
158,20,200,59,1
159,30,14,7,0
159,20,232,67,1
160,30,17,9,0
160,20,258,73,1
161,30,19,10,0
161,20,285,80,1
162,30,21,11,0
162,20,318,86,1
163,30,27,14,0
163,20,354,90,1
164,30,33,17,0
164,20,391,96,1
165,30,51,26,0
165,20,473,110,1
166,20,0,0,1
167,20,4,2,1
168,20,14,7,1
169,20,23,12,1
170,20,31,17,1
171,20,39,21,1
172,20,56,24,1
173,20,83,32,1
174,30,5,3,0
174,20,125,40,1
175,30,13,7,0
175,20,158,46,1
176,30,19,10,0
176,20,185,53,1
177,30,25,13,0
177,20,224,61,1
178,40,2,2,0
178,30,28,14,0
178,20,256,70,1
179,40,5,5,0
179,30,28,14,0
179,20,291,79,1
180,40,8,8,0
180,30,28,14,0
180,20,330,87,1
181,40,11,11,0
181,30,34,17,0
181,20,378,94,1
182,40,13,13,0
182,30,40,20,0
182,20,418,101,1
183,40,15,15,0
183,30,45,23,0
183,20,451,106,1
184,40,16,16,0
184,30,51,26,0
184,20,479,112,1
185,40,42,42,0
185,30,68,34,0
185,20,592,159,1
186,20,0,0,1
187,20,3,2,1
188,20,15,8,1
189,20,26,14,1
190,20,36,19,1
191,20,47,24,1
192,20,65,28,1
193,20,81,33,1
194,30,11,6,0
194,20,124,39,1
195,30,21,11,0
195,20,160,45,1
196,40,2,2,0
196,30,28,14,0
196,20,196,53,1
197,40,9,9,0
197,30,28,14,0
197,20,241,66,1
198,40,14,14,0
198,30,28,14,0
198,20,278,76,1
199,40,19,19,0
199,30,28,14,0
199,20,324,85,1
200,50,3,3,0
200,40,26,26,0
200,30,46,23,0
200,20,461,109,1
201,20,0,0,1
202,20,5,3,1
203,20,14,7,1
204,20,27,14,1
205,20,39,20,1
206,20,50,26,1
207,20,71,32,1
208,30,5,3,0
208,20,85,33,1
209,30,13,7,0
209,20,111,36,1
210,30,26,14,0
210,20,155,42,1
211,40,9,9,0
211,30,28,14,0
211,20,200,54,1
212,40,18,18,0
212,30,28,14,0
212,20,249,68,1
213,40,25,25,0
213,30,28,14,0
213,20,295,79,1
214,50,5,5,0
214,40,26,26,0
214,30,28,14,0
214,20,353,91,1
215,50,10,10,0
215,40,26,26,0
215,30,35,18,0
215,20,413,101,1
216,60,3,3,0
216,50,23,23,0
216,40,47,47,0
216,30,68,34,0
216,20,593,159,1
217,20,0,0,1
218,20,4,2,1
219,20,9,5,1
220,20,24,13,1
221,20,38,20,1
222,30,2,1,0
222,20,49,26,1
223,30,3,2,0
223,20,71,31,1
224,30,10,5,0
224,20,85,33,1
225,30,19,10,0
225,20,116,35,1
226,30,27,14,0
226,20,142,39,1
227,40,13,13,0
227,30,28,14,0
227,20,190,51,1
228,40,24,24,0
228,30,28,14,0
228,20,246,67,1
229,50,7,7,0
229,40,26,26,0
229,30,28,14,0
229,20,303,80,1
230,50,15,15,0
230,40,25,25,0
230,30,28,14,0
230,20,372,95,1
231,50,21,21,0
231,40,25,25,0
231,30,38,19,0
231,20,433,105,1
232,60,3,3,0
232,50,23,23,0
232,40,25,25,0
232,30,47,24,0
232,20,480,113,1
233,20,0,0,1
234,20,3,2,1
235,20,8,5,1
236,20,17,9,1
237,30,2,1,0
237,20,32,17,1
238,30,5,3,0
238,20,44,23,1
239,30,6,3,0
239,20,66,30,1
240,40,1,1,0
240,30,11,6,0
240,20,84,33,1
241,40,2,2,0
241,30,20,10,0
241,20,118,36,1
242,40,4,4,0
242,30,28,14,0
242,20,146,40,1
243,40,12,12,0
243,30,28,14,0
243,20,170,46,1
244,50,1,1,0
244,40,26,26,0
244,30,28,14,0
244,20,235,63,1
245,50,12,12,0
245,40,26,26,0
245,30,28,14,0
245,20,297,79,1
246,50,22,22,0
246,40,25,25,0
246,30,28,14,0
246,20,375,95,1
247,60,6,6,0
247,50,23,23,0
247,40,26,26,0
247,30,38,20,0
247,20,444,106,1
248,60,17,17,0
248,50,24,24,0
248,40,27,27,0
248,30,57,29,0
248,20,534,130,1
249,70,13,13,0
249,60,21,21,0
249,50,45,45,0
249,40,57,57,0
249,30,94,46,0
249,20,658,198,1
250,20,0,0,1
251,20,5,3,1
252,20,13,7,1
253,30,3,2,0
253,20,24,12,1
254,30,7,4,0
254,20,37,19,1
255,40,2,2,0
255,30,7,4,0
255,20,58,26,1
256,40,4,4,0
256,30,7,4,0
256,20,82,33,1
257,40,5,5,0
257,30,18,9,0
257,20,114,36,1
258,40,8,8,0
258,30,27,14,0
258,20,145,39,1
259,50,1,1,0
259,40,15,15,0
259,30,29,15,0
259,20,171,45,1
260,50,2,2,0
260,40,23,23,0
260,30,28,14,0
260,20,209,56,1
261,50,14,14,0
261,40,25,25,0
261,30,29,15,0
261,20,276,74,1
262,60,2,2,0
262,50,24,24,0
262,40,25,25,0
262,30,29,15,0
262,20,362,91,1
263,60,12,12,0
263,50,23,23,0
263,40,26,26,0
263,30,38,19,0
263,20,443,107,1
264,20,0,0,1
265,20,2,1,1
266,20,8,5,1
267,30,2,1,0
267,20,15,8,1
268,30,7,4,0
268,20,29,14,1
269,40,4,4,0
269,30,7,4,0
269,20,45,22,1
270,40,6,6,0
270,30,7,4,0
270,20,74,30,1
271,50,2,2,0
271,40,6,6,0
271,30,14,7,0
271,20,106,35,1
272,50,3,3,0
272,40,8,8,0
272,30,24,12,0
272,20,142,40,1
273,50,4,4,0
273,40,14,14,0
273,30,28,14,0
273,20,170,46,1
274,50,7,7,0
274,40,21,21,0
274,30,28,14,0
274,20,212,57,1
275,50,11,11,0
275,40,26,26,0
275,30,28,14,0
275,20,248,67,1
276,60,3,3,0
276,50,24,24,0
276,40,25,25,0
276,30,28,14,0
276,20,330,85,1
277,60,15,15,0
277,50,23,23,0
277,40,26,26,0
277,30,35,18,0
277,20,430,104,1
278,70,3,3,0
278,60,22,22,0
278,50,23,23,0
278,40,26,26,0
278,30,47,24,0
278,20,496,118,1
279,80,3,3,0
279,70,20,20,0
279,60,22,22,0
279,50,23,23,0
279,40,50,50,0
279,30,75,37,0
279,20,608,168,1
280,90,2,2,0
280,80,19,19,0
280,70,20,20,0
280,60,42,42,0
280,50,48,48,0
280,40,79,79,0
280,30,121,58,0
280,20,694,222,1
281,20,0,0,1
282,20,4,2,1
283,30,2,1,0
283,20,10,6,1
284,40,1,1,0
284,30,4,2,0
284,20,19,10,1
285,40,4,4,0
285,30,7,4,0
285,20,35,17,1
286,50,2,2,0
286,40,6,6,0
286,30,7,4,0
286,20,62,26,1
287,50,4,4,0
287,40,6,6,0
287,30,8,4,0
287,20,89,34,1
288,50,6,6,0
288,40,6,6,0
288,30,21,11,0
288,20,134,38,1
289,60,2,2,0
289,50,5,5,0
289,40,11,11,0
289,30,28,14,0
289,20,166,45,1
290,60,2,2,0
290,50,8,8,0
290,40,19,19,0
290,30,28,15,0
290,20,207,55,1
291,60,3,3,0
291,50,11,11,0
291,40,26,26,0
291,30,28,14,0
291,20,248,67,1
292,60,6,6,0
292,50,17,17,0
292,40,25,25,0
292,30,29,15,0
292,20,291,77,1
293,60,15,15,0
293,50,23,23,0
293,40,26,26,0
293,30,29,15,0
293,20,399,99,1
294,70,6,6,0
294,60,21,21,0
294,50,24,24,0
294,40,25,25,0
294,30,44,23,0
294,20,482,114,1
295,20,0,0,1
296,20,6,3,1
297,30,3,2,0
297,20,13,6,1
298,40,3,3,0
298,30,6,3,0
298,20,24,12,1
299,50,1,1,0
299,40,7,7,0
299,30,7,4,0
299,20,41,20,1
300,50,5,5,0
300,40,7,7,0
300,30,7,3,0
300,20,77,30,1
301,60,2,2,0
301,50,6,6,0
301,40,6,6,0
301,30,15,8,0
301,20,120,37,1
302,60,4,4,0
302,50,6,6,0
302,40,9,9,0
302,30,25,12,0
302,20,158,44,1
303,60,5,5,0
303,50,7,7,0
303,40,16,16,0
303,30,28,14,0
303,20,197,53,1
304,70,1,1,0
304,60,5,5,0
304,50,11,11,0
304,40,23,23,0
304,30,28,14,0
304,20,244,66,1
305,70,2,2,0
305,60,7,7,0
305,50,16,16,0
305,40,26,26,0
305,30,28,14,0
305,20,289,77,1
306,70,2,2,0
306,60,11,11,0
306,50,21,21,0
306,40,26,26,0
306,30,28,14,0
306,20,344,88,1
307,70,7,7,0
307,60,19,19,0
307,50,24,24,0
307,40,25,25,0
307,30,39,20,0
307,20,454,109,1
308,70,17,17,0
308,60,22,22,0
308,50,23,23,0
308,40,26,26,0
308,30,53,27,0
308,20,525,128,1
309,80,8,8,0
309,70,19,19,0
309,60,22,22,0
309,50,23,23,0
309,40,37,37,0
309,30,66,33,0
309,20,574,148,1
310,90,9,9,0
310,80,19,19,0
310,70,20,20,0
310,60,22,22,0
310,50,42,42,0
310,40,60,60,0
310,30,94,46,0
310,20,659,198,1
311,100,10,10,0
311,90,18,18,0
311,80,19,19,0
311,70,40,40,0
311,60,43,43,0
311,50,70,70,0
311,40,97,97,0
311,30,156,74,0
311,20,703,229,1
312,20,0,0,1
313,20,8,4,1
314,40,2,2,0
314,30,3,2,0
314,20,14,7,1
315,50,1,1,0
315,40,5,5,0
315,30,7,3,0
315,20,29,15,1
316,50,5,5,0
316,40,6,6,0
316,30,7,4,0
316,20,57,24,1
317,60,3,3,0
317,50,6,6,0
317,40,6,6,0
317,30,7,4,0
317,20,95,34,1
318,70,1,1,0
318,60,5,5,0
318,50,6,6,0
318,40,6,6,0
318,30,22,11,0
318,20,144,41,1
319,70,2,2,0
319,60,6,6,0
319,50,5,5,0
319,40,13,13,0
319,30,28,14,0
319,20,178,48,1
320,70,4,4,0
320,60,5,5,0
320,50,10,10,0
320,40,20,20,0
320,30,28,14,0
320,20,235,63,1
321,70,4,4,0
321,60,8,8,0
321,50,13,13,0
321,40,25,25,0
321,30,29,15,0
321,20,277,75,1
322,70,5,5,0
322,60,11,11,0
322,50,19,19,0
322,40,26,26,0
322,30,28,14,0
322,20,336,87,1
323,80,1,1,0
323,70,8,8,0
323,60,13,13,0
323,50,23,23,0
323,40,25,25,0
323,30,31,16,0
323,20,406,100,1
324,80,4,4,0
324,70,12,12,0
324,60,21,21,0
324,50,24,24,0
324,40,25,25,0
324,30,48,24,0
324,20,499,119,1
325,20,0,0,1
326,30,2,1,0
326,20,8,4,1
327,50,1,1,0
327,40,3,3,0
327,30,3,2,0
327,20,16,8,1
328,60,1,1,0
328,50,2,2,0
328,40,6,6,0
328,30,7,4,0
328,20,34,17,1
329,60,2,2,0
329,50,6,6,0
329,40,7,7,0
329,30,7,3,0
329,20,72,28,1
330,70,1,1,0
330,60,6,6,0
330,50,5,5,0
330,40,7,7,0
330,30,13,7,0
330,20,122,38,1
331,70,4,4,0
331,60,5,5,0
331,50,6,6,0
331,40,8,8,0
331,30,26,13,0
331,20,165,45,1
332,80,1,1,0
332,70,5,5,0
332,60,5,5,0
332,50,8,8,0
332,40,17,17,0
332,30,28,15,0
332,20,217,58,1
333,80,2,2,0
333,70,5,5,0
333,60,6,6,0
333,50,12,12,0
333,40,24,24,0
333,30,29,15,0
333,20,264,71,1
334,80,3,3,0
334,70,5,5,0
334,60,10,10,0
334,50,17,17,0
334,40,26,26,0
334,30,28,14,0
334,20,324,85,1
335,80,4,4,0
335,70,8,8,0
335,60,10,10,0
335,50,24,24,0
335,40,25,25,0
335,30,30,15,0
335,20,397,99,1
336,80,5,5,0
336,70,10,10,0
336,60,16,16,0
336,50,24,24,0
336,40,25,25,0
336,30,40,20,0
336,20,454,109,1
337,90,11,11,0
337,80,19,19,0
337,70,20,20,0
337,60,21,21,0
337,50,28,28,0
337,40,51,51,0
337,30,83,41,0
337,20,626,178,1
338,100,15,15,0
338,90,17,17,0
338,80,19,19,0
338,70,20,20,0
338,60,37,37,0
338,50,46,46,0
338,40,79,79,0
338,30,113,55,0
338,20,691,219,1
339,20,0,0,1
340,30,3,2,0
340,20,8,4,1
341,50,2,2,0
341,40,3,3,0
341,30,5,3,0
341,20,19,9,1
342,60,2,2,0
342,50,4,4,0
342,40,6,6,0
342,30,7,4,0
342,20,43,20,1
343,70,1,1,0
343,60,5,5,0
343,50,6,6,0
343,40,6,6,0
343,30,7,4,0
343,20,85,32,1
344,70,4,4,0
344,60,6,6,0
344,50,5,5,0
344,40,7,7,0
344,30,19,10,0
344,20,145,42,1
345,80,2,2,0
345,70,5,5,0
345,60,5,5,0
345,50,6,6,0
345,40,13,13,0
345,30,28,14,0
345,20,188,51,1
346,80,4,4,0
346,70,5,5,0
346,60,5,5,0
346,50,11,11,0
346,40,21,21,0
346,30,28,14,0
346,20,249,68,1
347,90,1,1,0
347,80,4,4,0
347,70,5,5,0
347,60,10,10,0
347,50,14,14,0
347,40,25,25,0
347,30,28,14,0
347,20,306,81,1
348,90,2,2,0
348,80,4,4,0
348,70,8,8,0
348,60,10,10,0
348,50,21,21,0
348,40,26,26,0
348,30,28,14,0
348,20,382,97,1
349,20,0,0,1
350,20,2,1,1
351,40,2,2,0
351,30,3,2,0
351,20,9,4,1
352,60,1,1,0
352,50,3,3,0
352,40,3,3,0
352,30,6,3,0
352,20,24,12,1
353,70,1,1,0
353,60,3,3,0
353,50,5,5,0
353,40,6,6,0
353,30,7,4,0
353,20,57,23,1
354,70,3,3,0
354,60,6,6,0
354,50,5,5,0
354,40,7,7,0
354,30,8,4,0
354,20,110,38,1
355,80,2,2,0
355,70,5,5,0
355,60,6,6,0
355,50,6,6,0
355,40,6,6,0
355,30,26,13,0
355,20,163,45,1
356,90,1,1,0
356,80,4,4,0
356,70,5,5,0
356,60,6,6,0
356,50,7,7,0
356,40,18,18,0
356,30,28,14,0
356,20,223,60,1
357,90,2,2,0
357,80,5,5,0
357,70,5,5,0
357,60,7,7,0
357,50,11,11,0
357,40,26,26,0
357,30,28,14,0
357,20,278,76,1
358,90,4,4,0
358,80,4,4,0
358,70,6,6,0
358,60,11,11,0
358,50,18,18,0
358,40,26,26,0
358,30,28,14,0
358,20,355,91,1
359,100,1,1,0
359,90,4,4,0
359,80,5,5,0
359,70,10,10,0
359,60,12,12,0
359,50,23,23,0
359,40,26,26,0
359,30,36,18,0
359,20,432,105,1
360,20,0,0,1
361,20,3,2,1
362,40,3,3,0
362,30,4,2,0
362,20,10,5,1
363,60,3,3,0
363,50,2,2,0
363,40,4,4,0
363,30,7,4,0
363,20,28,14,1
364,70,2,2,0
364,60,4,4,0
364,50,6,6,0
364,40,6,6,0
364,30,7,4,0
364,20,70,26,1
365,80,1,1,0
365,70,5,5,0
365,60,6,6,0
365,50,6,6,0
365,40,6,6,0
365,30,14,7,0
365,20,133,41,1
366,90,1,1,0
366,80,4,4,0
366,70,5,5,0
366,60,6,6,0
366,50,6,6,0
366,40,10,10,0
366,30,28,14,0
366,20,183,50,1
367,90,3,3,0
367,80,5,5,0
367,70,5,5,0
367,60,5,5,0
367,50,10,10,0
367,40,22,22,0
367,30,28,14,0
367,20,251,68,1
368,100,1,1,0
368,90,4,4,0
368,80,5,5,0
368,70,5,5,0
368,60,9,9,0
368,50,15,15,0
368,40,26,26,0
368,30,28,14,0
368,20,319,84,1
369,20,4,2,1
370,20,7,4,1
371,60,2,2,0
371,50,2,2,0
371,40,4,4,0
371,30,3,2,0
371,20,15,7,1
372,80,2,2,0
372,70,2,2,0
372,60,3,3,0
372,50,4,4,0
372,40,6,6,0
372,30,7,4,0
372,20,53,22,1
373,90,2,2,0
373,80,2,2,0
373,70,4,4,0
373,60,6,6,0
373,50,6,6,0
373,40,6,6,0
373,30,11,6,0
373,20,125,39,1
374,100,1,1,0
374,90,4,4,0
374,80,4,4,0
374,70,5,5,0
374,60,6,6,0
374,50,6,6,0
374,40,10,10,0
374,30,28,14,0
374,20,189,51,1
375,110,1,1,0
375,100,4,4,0
375,90,4,4,0
375,80,4,4,0
375,70,5,5,0
375,60,6,6,0
375,50,9,9,0
375,40,25,25,0
375,30,28,15,0
375,20,267,72,1
376,110,3,3,0
376,100,4,4,0
376,90,4,4,0
376,80,5,5,0
376,70,5,5,0
376,60,10,10,0
376,50,19,19,0
376,40,26,26,0
376,30,28,14,0
376,20,363,93,1
377,30,3,2,0
377,20,7,4,1
378,40,3,3,0
378,30,3,2,0
378,20,8,4,1
379,80,2,2,0
379,70,3,3,0
379,60,2,2,0
379,50,3,3,0
379,40,4,4,0
379,30,7,4,0
379,20,35,18,1
380,110,1,1,0
380,100,2,2,0
380,90,2,2,0
380,80,3,3,0
380,70,3,3,0
380,60,5,5,0
380,50,6,6,0
380,40,7,7,0
380,30,11,6,0
380,20,125,39,1
381,120,2,2,0
381,110,2,2,0
381,100,2,2,0
381,90,4,4,0
381,80,5,5,0
381,70,5,5,0
381,60,5,5,0
381,50,6,6,0
381,40,16,16,0
381,30,28,14,0
381,20,219,59,1
382,130,1,1,0
382,120,3,3,0
382,110,4,4,0
382,100,4,4,0
382,90,4,4,0
382,80,5,5,0
382,70,5,5,0
382,60,5,5,0
382,50,18,18,0
382,40,26,26,0
382,30,28,14,0
382,20,324,85,1