profile_id,stop_depth_m,duration_air_min,duration_o2_min,can_enter_chamber
2,6,6,3,0
3,3,1,1,0
4,6,43,22,1
5,3,8,4,1
6,6,73,37,1
7,3,14,7,1
8,6,99,50,1
9,3,20,10,1
10,6,121,61,1
11,3,24,12,1
12,6,140,70,1
13,3,29,15,1
15,6,3,2,0
16,3,1,1,0
17,6,19,10,1
18,3,7,4,1
19,6,39,20,1
20,3,13,7,1
21,6,64,32,1
22,3,21,11,1
23,6,92,46,1
24,3,29,15,1
25,6,138,69,1
26,3,36,18,1
27,6,196,98,1
28,3,46,23,1
29,6,242,121,1
30,3,56,28,1
31,6,279,140,1
32,3,68,34,1
33,6,311,156,1
34,3,78,39,1
35,6,337,169,1
36,3,87,44,1
37,6,359,180,1
38,3,95,48,1
39,6,378,189,1
40,3,102,51,1
41,6,395,198,1
42,3,109,55,1
43,6,410,205,1
44,3,115,58,1
45,6,423,212,1
46,3,120,60,1
47,6,434,217,1
48,3,125,63,1
49,6,445,223,1
50,3,129,65,1
51,6,454,227,1
52,3,133,67,1
54,6,1,1,0
55,3,1,1,0
56,6,7,4,0
57,3,3,2,0
58,6,12,6,0
59,3,6,3,0
60,6,16,8,1
61,3,8,4,1
62,6,38,19,1
63,3,15,8,1
64,6,62,31,1
65,3,26,13,1
66,6,97,49,1
67,3,35,18,1
68,6,132,66,1
69,3,48,24,1
70,6,192,96,1
71,3,59,30,1
72,6,272,136,1
73,3,72,36,1
74,6,331,166,1
75,3,85,43,1
76,6,378,189,1
77,3,102,51,1
78,6,416,208,1
79,3,117,59,1
80,6,448,224,1
81,3,131,66,1
82,6,475,238,1
83,3,143,72,1
84,6,497,249,1
85,3,153,77,1
86,6,517,259,1
87,3,162,81,1
88,6,534,267,1
89,3,171,86,1
90,6,549,275,1
91,3,178,89,1
92,6,562,281,1
93,3,185,93,1
94,6,574,287,1
95,3,191,96,1
96,6,584,292,1
97,3,196,98,1
98,6,593,297,1
99,3,201,101,1
100,3,206,103,1
101,3,210,105,1
102,3,214,107,1
104,9,9,5,0
105,6,5,3,0
106,9,18,9,1
107,6,9,5,1
108,9,26,13,1
109,6,13,7,1
110,9,33,17,1
111,6,17,9,1
112,9,39,20,1
113,6,21,11,1
114,9,48,24,1
115,6,24,12,1
116,9,62,31,1
117,6,27,14,1
118,9,74,37,1
119,6,32,16,1
120,9,84,42,1
121,6,37,19,1
122,9,129,65,1
123,6,50,25,1
124,9,180,90,1
125,6,66,33,1
126,9,271,136,1
127,6,82,41,1
128,9,356,178,1
129,6,99,50,1
130,9,419,210,1
131,6,119,60,1
132,9,468,234,1
133,6,140,70,1
134,9,508,254,1
135,6,158,79,1
136,9,541,271,1
137,6,174,87,1
138,9,569,285,1
139,6,188,94,1
140,9,592,296,1
141,6,201,101,1
142,9,612,306,1
143,6,212,106,1
144,6,223,112,0
145,9,5,3,0
145,6,230,115,0
146,9,10,5,0
146,6,235,118,0
147,9,13,7,0
147,6,241,121,0
148,9,16,8,0
148,6,246,123,0
149,9,22,11,0
149,6,249,125,0
150,6,27,14,0
150,3,251,126,0
151,6,31,16,0
151,3,254,127,0
152,6,38,19,0
152,3,253,127,0
153,6,44,22,0
153,3,253,127,0
154,6,50,25,0
154,3,253,127,0
156,9,3,2,0
157,6,2,1,0
158,9,14,7,1
159,6,7,4,1
160,9,27,14,1
161,6,14,7,1
162,9,37,19,1
163,6,20,10,1
164,9,46,23,1
165,6,25,13,1
166,9,54,27,1
167,6,30,15,1
168,9,68,34,1
169,6,35,18,1
170,9,84,42,1
171,6,39,20,1
172,9,98,49,1
173,6,44,22,1
174,9,110,55,1
175,6,51,26,1
176,9,131,66,1
177,6,57,29,1
178,9,152,76,1
179,6,63,32,1
180,9,171,86,1
181,6,68,34,1
182,9,255,128,1
183,6,88,44,1
184,9,369,185,1
185,6,108,54,1
186,9,448,224,1
187,9,3,2,1
187,6,130,65,1
188,9,508,254,1
189,9,6,3,1
189,6,156,78,1
190,9,555,278,1
191,9,13,7,1
191,6,175,88,1
192,9,593,297,1
193,9,19,10,1
193,6,191,96,1
194,9,24,12,0
194,6,206,103,0
195,9,30,15,0
195,6,218,109,0
196,9,38,19,0
196,6,227,114,0
197,9,45,23,0
197,6,235,118,0
198,9,51,26,0
198,6,242,121,0
199,9,59,30,0
199,6,247,124,0
200,9,67,34,0
200,6,251,126,0
201,6,75,38,0
201,3,253,127,0
202,6,85,43,0
202,3,253,127,0
203,6,94,47,0
203,3,254,127,0
204,6,103,52,0
204,3,253,127,0
205,6,110,55,0
205,3,253,127,0
206,6,117,59,0
206,3,253,127,0
207,6,123,62,0
207,3,253,127,0
208,6,128,64,0
208,3,253,127,0
209,6,133,67,0
209,3,253,127,0
211,6,3,2,0
212,3,3,2,0
213,6,8,4,0
214,3,7,4,0
215,6,17,9,1
216,3,11,6,1
217,6,33,17,1
218,3,17,9,1
219,6,46,23,1
220,3,25,13,1
221,6,57,29,1
222,3,33,17,1
223,6,66,33,1
224,3,40,20,1
225,6,87,44,1
226,3,46,23,1
227,6,105,53,1
228,3,51,26,1
229,6,120,60,1
230,3,57,29,1
231,6,143,72,1
232,3,65,33,1
233,6,168,84,1
234,3,72,36,1
235,6,190,95,1
236,3,80,40,1
237,6,218,109,1
238,6,3,2,1
238,3,84,42,1
239,6,251,126,1
240,6,7,4,1
240,3,91,46,1
241,6,302,151,1
242,6,9,5,1
242,3,98,49,1
243,6,422,211,1
244,6,16,8,1
244,3,119,60,1
245,6,504,252,1
246,6,22,11,1
246,3,146,73,1
247,6,565,283,1
248,6,32,16,1
248,3,171,86,1
249,6,613,307,1
250,6,40,20,1
250,3,191,96,1
251,6,48,24,0
251,3,208,104,0
252,6,58,29,0
252,3,221,111,0
253,6,69,35,0
253,3,231,116,0
254,6,77,39,0
254,3,241,121,0
255,6,88,44,0
255,3,247,124,0
256,6,100,50,0
256,3,251,126,0
257,6,112,56,0
257,3,253,127,0
258,6,125,63,0
258,3,253,127,0
259,6,137,69,0
259,3,253,127,0
260,6,147,74,0
260,3,253,127,0
261,6,157,79,0
261,3,253,127,0
262,6,165,83,0
262,3,253,127,0
263,6,172,86,0
263,3,254,127,0
264,6,179,90,0
264,3,254,127,0
265,6,186,93,0
265,3,253,127,0
266,6,192,96,0
266,3,253,127,0
267,6,197,99,0
267,3,253,127,0
268,6,202,101,0
268,3,253,127,0
270,9,1,1,0
271,6,1,1,0
272,9,5,3,0
273,6,4,2,0
274,9,8,4,0
275,6,7,4,0
276,9,11,6,0
277,6,11,6,0
278,9,14,7,1
279,6,13,7,1
280,9,29,15,1
281,6,18,9,1
282,9,46,23,1
283,6,26,13,1
284,9,60,30,1
285,6,35,18,1
286,9,72,36,1
287,6,44,22,1
288,9,93,47,1
289,6,52,26,1
290,9,114,57,1
291,6,59,30,1
292,9,132,66,1
293,9,1,1,1
293,6,66,33,1
294,9,160,80,1
295,9,3,2,1
295,6,72,36,1
296,9,188,94,1
297,9,8,4,1
297,6,78,39,1
298,9,212,106,1
299,9,12,6,1
299,6,83,42,1
300,9,252,126,1
301,9,17,9,1
301,6,89,45,1
302,9,303,152,1
303,9,21,11,1
303,6,97,49,1
304,9,357,179,1
305,9,24,12,1
305,6,104,52,1
306,9,403,202,1
307,9,28,14,1
307,6,111,56,1
308,9,442,221,1
309,9,31,16,1
309,6,121,61,1
310,9,534,267,1
311,9,38,19,1
311,6,153,77,1
312,9,601,301,1
313,9,51,26,1
313,6,179,90,1
314,9,63,32,0
314,6,200,100,0
315,9,74,37,0
315,6,217,109,0
316,9,88,44,0
316,6,230,115,0
317,9,100,50,0
317,6,240,120,0
318,6,114,57,0
318,3,247,124,0
319,9,1,1,0
319,6,128,64,0
319,3,252,126,0
320,9,5,3,0
320,6,142,71,0
320,3,253,127,0
321,9,9,5,0
321,6,155,78,0
321,3,254,127,0
322,9,12,6,0
322,6,167,84,0
322,3,254,127,0
323,9,14,7,0
323,6,179,90,0
323,3,253,127,0
324,9,20,10,0
324,6,186,93,0
324,3,253,127,0
325,9,24,12,0
325,6,194,97,0
325,3,253,127,0
326,9,28,14,0
326,6,200,100,0
326,3,253,127,0
327,9,32,16,0
327,6,206,103,0
327,3,253,127,0
328,9,36,18,0
328,6,211,106,0
328,3,253,127,0
329,9,42,21,0
329,6,213,107,0
329,3,253,127,0
330,9,47,24,0
330,6,216,108,0
330,3,253,127,0
331,9,51,26,0
331,6,218,109,0
331,3,254,127,0
332,9,57,29,0
332,6,219,110,0
332,3,253,127,0
333,9,63,32,0
333,6,219,110,0
333,3,253,127,0
335,6,1,1,0
336,3,1,1,0
337,6,6,3,0
338,3,6,3,0
339,6,11,6,0
340,3,10,5,0
341,6,14,7,1
342,3,14,7,1
343,6,18,9,1
344,3,18,9,1
345,6,23,12,1
346,3,21,11,1
347,6,35,18,1
348,3,24,12,1
349,6,54,27,1
350,3,31,16,1
351,6,70,35,1
352,3,42,21,1
353,6,85,43,1
354,6,3,2,1
354,3,51,26,1
355,6,111,56,1
356,6,6,3,1
356,3,57,29,1
357,6,133,67,1
358,6,8,4,1
358,3,63,32,1
359,6,160,80,1
360,6,11,6,1
360,3,69,35,1
361,6,193,97,1
362,6,15,8,1
362,3,78,39,1
363,6,221,111,1
364,6,21,11,1
364,3,83,42,1
365,6,265,133,1
366,6,27,14,1
366,3,90,45,1
367,6,325,163,1
368,6,32,16,1
368,3,98,49,1
369,6,384,192,1
370,6,37,19,1
370,3,106,53,1
371,6,432,216,1
372,6,41,21,1
372,3,115,58,1
373,6,474,237,1
374,6,45,23,1
374,3,126,63,1
375,6,510,255,1
376,6,49,25,1
376,3,137,69,1
377,6,542,271,1
378,6,52,26,1
378,3,150,75,1
379,6,67,34,0
379,3,180,90,0
380,9,5,3,0
380,6,78,39,0
380,3,204,102,0
381,9,9,5,0
381,6,90,45,0
381,3,222,111,0
382,9,12,6,0
382,6,104,52,0
382,3,236,118,0
383,9,17,9,0
383,6,117,59,0
383,3,246,123,0
384,9,24,12,0
384,6,130,65,0
384,3,252,126,0
385,9,30,15,0
385,6,147,74,0
385,3,253,127,0
386,9,35,18,0
386,6,162,81,0
386,3,254,127,0
387,9,40,20,0
387,6,176,88,0
387,3,253,127,0
388,9,48,24,0
388,6,185,93,0
388,3,254,127,0
389,9,55,28,0
389,6,194,97,0
389,3,253,127,0
390,9,60,30,0
390,6,203,102,0
390,3,253,127,0
391,9,67,34,0
391,6,208,104,0
391,3,254,127,0
392,9,75,38,0
392,6,212,106,0
392,3,254,127,0
393,9,82,41,0
393,6,216,108,0
393,3,253,127,0
394,9,89,45,0
394,6,219,110,0
394,3,253,127,0
395,9,98,49,0
395,6,219,110,0
395,3,253,127,0
396,9,107,54,0
396,6,218,109,0
396,3,254,127,0
397,9,114,57,0
397,6,219,110,0
397,3,253,127,0
398,9,121,61,0
398,6,219,110,0
398,3,253,127,0
400,6,1,1,0
401,3,1,1,0
402,6,7,4,0
403,3,6,3,0
404,6,13,7,1
405,3,12,6,1
406,6,18,9,1
407,3,18,9,1
408,6,23,12,1
409,3,24,12,1
410,6,29,15,1
411,3,29,15,1
412,6,44,22,1
413,3,34,17,1
414,6,56,28,1
415,6,3,2,1
415,3,35,18,1
416,6,67,34,1
417,6,7,4,1
417,3,35,18,1
418,6,77,39,1
419,6,10,5,1
419,3,40,20,1
420,6,97,49,1
421,6,15,8,1
421,3,49,25,1
422,6,129,65,1
423,6,20,10,1
423,3,56,28,1
424,6,155,78,1
425,6,24,12,1
425,3,63,32,1
426,6,197,99,1
427,6,28,14,1
427,3,74,37,1
428,6,232,116,1
429,6,36,18,1
429,3,81,41,1
430,9,2,1,1
430,6,285,143,1
431,9,2,1,1
431,6,43,22,1
431,3,90,45,1
432,9,4,2,1
432,6,364,182,1
433,9,4,2,1
433,6,48,24,1
433,3,101,51,1
434,9,5,3,1
434,6,429,215,1
435,9,5,3,1
435,6,54,27,1
435,3,111,56,1
436,9,7,4,1
436,6,483,242,1
437,9,7,4,1
437,6,58,29,1
437,3,124,62,1
438,9,9,5,1
438,6,527,264,1
439,9,9,5,1
439,6,62,31,1
439,3,139,70,1
440,9,14,7,1
440,6,565,283,1
441,9,14,7,1
441,6,62,31,1
441,3,156,78,1
442,9,18,9,0
442,6,67,34,0
442,3,169,85,0
443,9,22,11,0
443,6,71,36,0
443,3,181,91,0
444,9,26,13,0
444,6,75,38,0
444,3,192,96,0
445,9,29,15,0
445,6,79,40,0
445,3,202,101,0
446,9,38,19,0
446,6,94,47,0
446,3,225,113,0
447,9,45,23,0
447,6,111,56,0
447,3,241,121,0
448,9,57,29,0
448,6,127,64,0
448,3,251,126,0
449,9,68,34,0
449,6,147,74,0
449,3,253,127,0
450,12,2,1,0
450,9,75,38,0
450,6,168,84,0
450,3,253,127,0
451,12,4,2,0
451,9,85,43,0
451,6,183,92,0
451,3,253,127,0
452,12,6,3,0
452,9,96,48,0
452,6,194,97,0
452,3,253,127,0
453,12,10,5,0
453,9,103,52,0
453,6,205,103,0
453,3,253,127,0
454,12,15,8,0
454,9,112,56,0
454,6,212,106,0
454,3,253,127,0
456,6,2,1,0
457,3,2,1,0
458,6,7,4,0
459,3,7,4,0
460,6,14,7,1
461,3,13,7,1
462,6,21,11,1
463,3,22,11,1
464,6,28,14,1
465,6,1,1,1
465,3,28,14,1
466,6,35,18,1
467,6,3,2,1
467,3,33,17,1
468,6,52,26,1
469,6,7,4,1
469,3,35,18,1
470,6,67,34,1
471,6,12,6,1
471,3,35,18,1
472,6,79,40,1
473,6,17,9,1
473,3,37,19,1
474,6,89,45,1
475,6,21,11,1
475,3,42,21,1
476,6,103,52,1
477,6,25,13,1
477,3,46,23,1
478,6,123,62,1
479,6,29,15,1
479,3,50,25,1
480,9,4,2,1
480,6,155,78,1
481,9,4,2,1
481,6,31,16,1
481,3,59,30,1
482,9,9,5,1
482,6,202,101,1
483,9,9,5,1
483,6,31,16,1
483,3,74,37,1
484,9,13,7,1
484,6,248,124,1
485,9,13,7,1
485,6,37,19,1
485,3,84,42,1
486,9,17,9,1
486,6,324,162,1
487,9,17,9,1
487,6,44,22,1
487,3,96,48,1
488,9,20,10,1
488,6,411,206,1
489,9,20,10,1
489,6,50,25,1
489,3,108,54,1
490,9,22,11,1
490,6,477,239,1
491,9,22,11,1
491,6,56,28,1
491,3,124,62,1
492,9,24,12,1
492,6,530,265,1
493,9,24,12,1
493,6,62,31,1
493,3,140,70,1
494,9,31,16,0
494,6,63,32,0
494,3,160,80,0
495,9,38,19,0
495,6,68,34,0
495,3,175,88,0
496,12,1,1,0
496,9,43,22,0
496,6,73,37,0
496,3,189,95,0
497,12,2,1,0
497,9,48,24,0
497,6,77,39,0
497,3,202,101,0
498,12,3,2,0
498,9,52,26,0
498,6,81,41,0
498,3,213,107,0
499,12,4,2,0
499,9,55,28,0
499,6,90,45,0
499,3,221,111,0
500,12,8,4,0
500,9,55,28,0
500,6,98,49,0
500,3,229,115,0
501,12,11,6,0
501,9,56,28,0
501,6,106,53,0
501,3,235,118,0
502,12,20,10,0
502,9,64,32,0
502,6,127,64,0
502,3,250,125,0
503,12,27,14,0
503,9,74,37,0
503,6,152,76,0
503,3,253,127,0
504,12,33,17,0
504,9,83,42,0
504,6,175,88,0
504,3,253,127,0
505,12,38,19,0
505,9,97,49,0
505,6,191,96,0
505,3,253,127,0
506,6,5,3,0
507,3,5,3,0
508,6,11,6,0
509,3,12,6,0
510,6,18,9,1
511,3,18,9,1
512,6,27,14,1
513,6,4,2,1
513,3,24,12,1
514,6,35,18,1
515,6,8,4,1
515,3,29,15,1
516,6,50,25,1
517,6,11,6,1
517,3,34,17,1
518,6,68,34,1
519,6,17,9,1
519,3,35,18,1
520,6,82,41,1
521,6,23,12,1
521,3,35,18,1
522,9,2,1,1
522,6,94,47,1
523,9,2,1,1
523,6,27,14,1
523,3,41,21,1
524,9,3,2,1
524,6,112,56,1
525,9,3,2,1
525,6,31,16,1
525,3,46,23,1
526,9,8,4,1
526,6,133,67,1
527,9,8,4,1
527,6,31,16,1
527,3,51,26,1
528,9,12,6,1
528,6,151,76,1
529,9,12,6,1
529,6,31,16,1
529,3,57,29,1
530,9,15,8,1
530,6,174,87,1
531,9,15,8,1
531,6,31,16,1
531,3,66,33,1
532,9,22,11,1
532,6,227,114,1
533,9,22,11,1
533,6,32,16,1
533,3,82,41,1
534,9,27,14,1
534,6,301,151,1
535,9,27,14,1
535,6,40,20,1
535,3,95,48,1
536,12,4,2,1
536,9,28,14,1
536,6,411,206,1
537,12,4,2,1
537,9,28,14,1
537,6,48,24,1
537,3,109,55,1
538,12,8,4,1
538,9,27,14,1
538,6,490,245,1
539,12,8,4,1
539,9,27,14,1
539,6,57,29,1
539,3,127,64,1
540,12,11,6,1
540,9,29,15,1
540,6,551,276,1
541,12,11,6,1
541,9,29,15,1
541,6,62,31,1
541,3,150,75,1
542,12,13,7,0
542,9,36,18,0
542,6,67,34,0
542,3,170,85,0
543,12,15,8,0
543,9,42,21,0
543,6,73,37,0
543,3,187,94,0
544,12,17,9,0
544,9,48,24,0
544,6,78,39,0
544,3,202,101,0
545,12,19,10,0
545,9,52,26,0
545,6,84,42,0
545,3,215,108,0
546,12,22,11,0
546,9,55,28,0
546,6,94,47,0
546,3,224,112,0
547,12,27,14,0
547,9,56,28,0
547,6,103,52,0
547,3,232,116,0
548,12,33,17,0
548,9,55,28,0
548,6,112,56,0
548,3,240,120,0
549,12,37,19,0
549,9,59,30,0
549,6,120,60,0
549,3,246,123,0
550,12,42,21,0
550,9,63,32,0
550,6,129,65,0
550,3,250,125,0
551,12,46,23,0
551,9,67,34,0
551,6,137,69,0
551,3,253,127,0
552,15,5,3,0
552,12,51,26,0
552,9,78,39,0
552,6,169,85,0
552,3,254,127,0
553,6,5,3,0
554,3,5,3,0
555,6,12,6,1
556,3,14,7,1
557,6,19,10,1
558,6,3,2,1
558,3,18,9,1
559,6,30,15,1
560,6,9,5,1
560,3,22,11,1
561,6,40,20,1
562,6,14,7,1
562,3,27,14,1
563,9,2,1,1
563,6,59,30,1
564,9,2,1,1
564,6,16,8,1
564,3,33,17,1
565,9,5,3,1
565,6,76,38,1
566,9,5,3,1
566,6,20,10,1
566,3,34,17,1
567,9,8,4,1
567,6,89,45,1
568,9,8,4,1
568,6,24,12,1
568,3,39,20,1
569,9,10,5,1
569,6,107,54,1
570,9,10,5,1
570,6,29,15,1
570,3,45,23,1
571,9,14,7,1
571,6,132,66,1
572,9,14,7,1
572,6,31,16,1
572,3,50,25,1
573,9,19,10,1
573,6,152,76,1
574,9,19,10,1
574,6,31,16,1
574,3,57,29,1
575,12,1,1,1
575,9,23,12,1
575,6,182,91,1
576,12,1,1,1
576,9,23,12,1
576,6,31,16,1
576,3,68,34,1
577,12,2,1,1
577,9,27,14,1
577,6,213,107,1
578,12,2,1,1
578,9,27,14,1
578,6,30,15,1
578,3,78,39,1
579,12,5,3,1
579,9,27,14,1
579,6,249,125,1
580,12,5,3,1
580,9,27,14,1
580,6,34,17,1
580,3,85,43,1
581,12,11,6,1
581,9,28,14,1
581,6,365,183,1
582,12,11,6,1
582,9,28,14,1
582,6,44,22,1
582,3,103,52,1
583,12,17,9,1
583,9,27,14,1
583,6,468,234,1
584,12,17,9,1
584,9,27,14,1
584,6,53,27,1
584,3,123,62,1
585,12,21,11,1
585,9,28,14,1
585,6,542,271,1
586,12,21,11,1
586,9,28,14,1
586,6,61,31,1
586,3,146,73,1
587,12,25,13,0
587,9,34,17,0
587,6,67,34,0
587,3,170,85,0
588,15,3,2,0
588,12,26,13,0
588,9,41,21,0
588,6,75,38,0
588,3,190,95,0
589,15,6,3,0
589,12,25,13,0
589,9,49,25,0
589,6,80,40,0
589,3,207,104,0
590,15,8,4,0
590,12,25,13,0
590,9,55,28,0
590,6,90,45,0
590,3,219,110,0
591,15,10,5,0
591,12,30,15,0
591,9,56,28,0
591,6,101,51,0
591,3,230,115,0
592,15,11,6,0
592,12,36,18,0
592,9,56,28,0
592,6,112,56,0
592,3,239,120,0
593,15,13,7,0
593,12,41,21,0
593,9,60,30,0
593,6,121,61,0
593,3,247,124,0
594,15,14,7,0
594,12,46,23,0
594,9,65,33,0
594,6,131,66,0
594,3,251,126,0
595,15,15,8,0
595,12,50,25,0
595,9,69,35,0
595,6,143,72,0
595,3,253,127,0
596,15,19,10,0
596,12,51,26,0
596,9,74,37,0
596,6,156,78,0
596,3,253,127,0
597,15,24,12,0
597,12,50,25,0
597,9,79,40,0
597,6,168,84,0
597,3,253,127,0
598,15,28,14,0
598,12,50,25,0
598,9,87,44,0
598,6,177,89,0
598,3,253,127,0
600,6,3,2,0
601,3,3,2,0
602,6,11,6,0
603,3,13,7,1
604,6,20,10,1
605,6,5,3,1
605,3,17,9,1
606,6,31,16,1
607,6,12,6,1
607,3,19,10,1
608,9,2,1,1
608,6,41,21,1
609,9,2,1,1
609,6,16,8,1
609,3,26,13,1
610,9,7,4,1
610,6,60,30,1
611,9,7,4,1
611,6,15,8,1
611,3,33,17,1
612,9,11,6,1
612,6,78,39,1
613,9,11,6,1
613,6,19,10,1
613,3,35,18,1
614,12,1,1,1
614,9,13,7,1
614,6,93,47,1
615,12,1,1,1
615,9,13,7,1
615,6,25,13,1
615,3,42,21,1
616,12,3,2,1
616,9,14,7,1
616,6,122,61,1
617,12,3,2,1
617,9,14,7,1
617,6,29,15,1
617,3,49,25,1
618,12,5,3,1
618,9,17,9,1
618,6,147,74,1
619,12,5,3,1
619,9,17,9,1
619,6,31,16,1
619,3,55,28,1
620,12,7,4,1
620,9,22,11,1
620,6,178,89,1
621,12,7,4,1
621,9,22,11,1
621,6,30,15,1
621,3,67,34,1
622,12,9,5,1
622,9,25,13,1
622,6,214,107,1
623,12,9,5,1
623,9,25,13,1
623,6,31,16,1
623,3,78,39,1
624,12,11,6,1
624,9,28,14,1
624,6,255,128,1
625,12,11,6,1
625,9,28,14,1
625,6,34,17,1
625,3,86,43,1
626,12,16,8,1
626,9,28,14,1
626,6,317,159,1
627,12,16,8,1
627,9,28,14,1
627,6,39,20,1
627,3,97,49,1
628,12,20,10,1
628,9,28,14,1
628,6,391,196,1
629,12,20,10,1
629,9,28,14,1
629,6,44,22,1
629,3,107,54,1
630,15,2,1,0
630,12,25,13,1
630,9,28,14,1
630,6,498,249,1
631,15,2,1,0
631,12,25,13,1
631,9,28,14,1
631,6,54,27,1
631,3,131,66,1
632,15,8,4,0
632,12,25,13,0
632,9,30,15,0
632,6,64,32,0
632,3,161,81,0
633,15,12,6,0
633,12,26,13,0
633,9,38,19,0
633,6,74,37,0
633,3,185,93,0
634,15,16,8,0
634,12,26,13,0
634,9,46,23,0
634,6,81,41,0
634,3,205,103,0
635,15,20,10,0
635,12,25,13,0
635,9,54,27,0
635,6,91,46,0
635,3,220,110,0
636,15,22,11,0
636,12,30,15,0
636,9,56,28,0
636,6,103,52,0
636,3,232,116,0
637,18,2,0,0
637,15,23,12,0
637,12,37,19,0
637,9,57,29,0
637,6,115,58,0
637,3,242,121,0
638,18,4,0,0
638,15,23,12,0
638,12,43,22,0
638,9,63,32,0
638,6,127,64,0
638,3,249,125,0
639,18,5,0,0
639,15,23,12,0
639,12,49,25,0
639,9,68,34,0
639,6,138,69,0
639,3,253,127,0
640,18,7,0,0
640,15,26,13,0
640,12,51,26,0
640,9,73,37,0
640,6,154,77,0
640,3,254,127,0
641,18,8,0,0
641,15,32,16,0
641,12,50,25,0
641,9,79,40,0
641,6,169,85,0
641,3,253,127,0
643,6,7,4,0
644,3,8,4,0
645,6,18,9,1
646,6,4,2,1
646,3,16,8,1
647,6,28,14,1
648,6,12,6,1
648,3,18,9,1
649,9,4,2,1
649,6,38,19,1
650,9,4,2,1
650,6,16,8,1
650,3,23,12,1
651,9,10,5,1
651,6,57,29,1
652,9,10,5,1
652,6,16,8,1
652,3,29,15,1
653,12,2,1,1
653,9,13,7,1
653,6,79,40,1
654,12,2,1,1
654,9,13,7,1
654,6,18,9,1
654,3,36,18,1
655,12,5,3,1
655,9,14,7,1
655,6,96,48,1
656,12,5,3,1
656,9,14,7,1
656,6,24,12,1
656,3,44,22,1
657,12,9,5,1
657,9,14,7,1
657,6,131,66,1
658,12,9,5,1
658,9,14,7,1
658,6,28,14,1
658,3,52,26,1
659,12,11,6,1
659,9,18,9,1
659,6,157,79,1
660,12,11,6,1
660,9,18,9,1
660,6,31,16,1
660,3,60,30,1
661,15,1,1,0
661,12,13,7,1
661,9,22,11,1
661,6,201,101,1
662,15,1,1,0
662,12,13,7,1
662,9,22,11,1
662,6,31,16,1
662,3,73,37,1
663,15,3,2,0
663,12,13,7,1
663,9,27,14,1
663,6,241,121,1
664,15,3,2,0
664,12,13,7,1
664,9,27,14,1
664,6,32,16,1
664,3,84,42,1
665,15,5,3,0
665,12,16,8,1
665,9,27,14,1
665,6,307,154,1
666,15,5,3,0
666,12,16,8,1
666,9,27,14,1
666,6,39,20,1
666,3,96,48,1
667,15,6,3,0
667,12,20,10,1
667,9,28,14,1
667,6,393,197,1
668,15,6,3,0
668,12,20,10,1
668,9,28,14,1
668,6,44,22,1
668,3,108,54,1
669,15,7,4,0
669,12,24,12,1
669,9,27,14,1
669,6,458,229,1
670,15,7,4,0
670,12,24,12,1
670,9,27,14,1
670,6,50,25,1
670,3,121,61,1
671,15,10,5,0
671,12,25,13,1
671,9,28,14,1
671,6,512,256,1
672,15,10,5,0
672,12,25,13,1
672,9,28,14,1
672,6,55,28,1
672,3,135,68,1
673,15,17,9,0
673,12,25,13,0
673,9,32,16,0
673,6,67,34,0
673,3,168,84,0
674,15,23,12,0
674,12,25,13,0
674,9,41,21,0
674,6,77,39,0
674,3,193,97,0
675,18,5,0,0
675,15,23,12,0
675,12,25,13,0
675,9,50,25,0
675,6,86,43,0
675,3,215,108,0
676,18,9,0,0
676,15,23,12,0
676,12,28,14,0
676,9,56,28,0
676,6,101,51,0
676,3,229,115,0
677,18,12,0,0
677,15,23,12,0
677,12,36,18,0
677,9,57,29,0
677,6,114,57,0
677,3,242,121,0
678,18,15,0,0
678,15,23,12,0
678,12,43,22,0
678,9,64,32,0
678,6,127,64,0
678,3,249,125,0
679,18,17,0,0
679,15,23,12,0
679,12,50,25,0
679,9,69,35,0
679,6,141,71,0
679,3,253,127,0
680,18,19,0,0
680,15,28,14,0
680,12,51,26,0
680,9,75,38,0
680,6,159,80,0
680,3,253,127,0
682,6,4,2,0
683,3,4,2,0
684,6,13,7,1
685,6,3,2,1
685,3,12,6,1
686,9,1,1,1
686,6,24,12,1
687,9,1,1,1
687,6,9,5,1
687,3,17,9,1
688,9,5,3,1
688,6,33,17,1
689,9,5,3,1
689,6,14,7,1
689,3,20,10,1
690,12,1,1,1
690,9,11,6,1
690,6,51,26,1
691,12,1,1,1
691,9,11,6,1
691,6,15,8,1
691,3,27,14,1
692,12,4,2,1
692,9,14,7,1
692,6,75,38,1
693,12,4,2,1
693,9,14,7,1
693,6,16,8,1
693,3,35,18,1
694,12,9,5,1
694,9,14,7,1
694,6,96,48,1
695,12,9,5,1
695,9,14,7,1
695,6,21,11,1
695,3,46,23,1
696,15,1,1,0
696,12,13,7,1
696,9,13,7,1
696,6,135,68,1
697,15,1,1,0
697,12,13,7,1
697,9,13,7,1
697,6,28,14,1
697,3,53,27,1
698,15,4,2,0
698,12,13,7,1
698,9,17,9,1
698,6,169,85,1
699,15,4,2,0
699,12,13,7,1
699,9,17,9,1
699,6,31,16,1
699,3,64,32,1
700,15,7,4,0
700,12,12,6,1
700,9,23,12,1
700,6,216,108,1
701,15,7,4,0
701,12,12,6,1
701,9,23,12,1
701,6,31,16,1
701,3,78,39,1
702,15,9,5,0
702,12,13,7,1
702,9,27,14,1
702,6,271,136,1
703,15,9,5,0
703,12,13,7,1
703,9,27,14,1
703,6,36,18,1
703,3,89,45,1
704,15,11,6,0
704,12,17,9,1
704,9,28,14,1
704,6,361,181,1
705,15,11,6,0
705,12,17,9,1
705,9,28,14,1
705,6,42,21,1
705,3,103,52,1
706,18,1,0,0
706,15,12,6,0
706,12,21,11,1
706,9,28,14,1
706,6,441,221,1
707,18,1,0,0
707,15,12,6,0
707,12,21,11,1
707,9,28,14,1
707,6,49,25,1
707,3,117,59,1
708,18,3,0,0
708,15,12,6,0
708,12,25,13,1
708,9,28,14,1
708,6,505,253,1
709,18,3,0,0
709,15,12,6,0
709,12,25,13,1
709,9,28,14,1
709,6,54,27,1
709,3,133,67,1
710,18,4,0,0
710,15,15,8,0
710,12,26,13,1
710,9,27,14,1
710,6,557,279,1
711,18,4,0,0
711,15,15,8,0
711,12,26,13,1
711,9,27,14,1
711,6,61,31,1
711,3,153,77,1
712,18,5,0,0
712,15,19,10,0
712,12,25,13,0
712,9,32,16,0
712,6,69,35,0
712,3,170,85,0
713,18,8,0,0
713,15,23,12,0
713,12,25,13,0
713,9,43,22,0
713,6,79,40,0
713,3,198,99,0
714,18,14,0,0
714,15,23,12,0
714,12,26,13,0
714,9,52,26,0
714,6,92,46,0
714,3,219,110,0
715,18,19,0,0
715,15,23,12,0
715,12,31,16,0
715,9,56,28,0
715,6,108,54,0
715,3,235,118,0
716,21,2,0,0
716,18,22,0,0
716,15,23,12,0
716,12,39,20,0
716,9,62,31,0
716,6,122,61,0
716,3,246,123,0
717,21,6,0,0
717,18,21,0,0
717,15,23,12,0
717,12,48,24,0
717,9,69,35,0
717,6,137,69,0
717,3,253,127,0
718,21,9,0,0
718,18,21,0,0
718,15,27,14,0
718,12,51,26,0
718,9,76,38,0
718,6,157,79,0
718,3,253,127,0
720,6,7,4,0
721,6,1,1,0
721,3,7,4,0
722,6,19,10,1
723,6,8,4,1
723,3,13,7,1
724,9,5,3,1
724,6,27,14,1
725,9,5,3,1
725,6,11,6,1
725,3,18,9,1
726,12,2,1,1
726,9,9,5,1
726,6,38,19,1
727,12,2,1,1
727,9,9,5,1
727,6,16,8,1
727,3,22,11,1
728,12,5,3,1
728,9,14,7,1
728,6,68,34,1
729,12,5,3,1
729,9,14,7,1
729,6,15,8,1
729,3,31,16,1
730,12,11,6,1
730,9,14,7,1
730,6,91,46,1
731,12,11,6,1
731,9,14,7,1
731,6,19,10,1
731,3,44,22,1
732,15,4,2,0
732,12,13,7,1
732,9,13,7,1
732,6,133,67,1
733,15,4,2,0
733,12,13,7,1
733,9,13,7,1
733,6,26,13,1
733,3,54,27,1
734,15,8,4,0
734,12,13,7,1
734,9,15,8,1
734,6,173,87,1
735,15,8,4,0
735,12,13,7,1
735,9,15,8,1
735,6,31,16,1
735,3,66,33,1
736,15,12,6,0
736,12,12,6,1
736,9,21,11,1
736,6,224,112,1
737,15,12,6,0
737,12,12,6,1
737,9,21,11,1
737,6,32,16,1
737,3,81,41,1
738,18,3,0,0
738,15,12,6,0
738,12,12,6,1
738,9,28,14,1
738,6,290,145,1
739,18,3,0,0
739,15,12,6,0
739,12,12,6,1
739,9,28,14,1
739,6,38,19,1
739,3,94,47,1
740,18,5,0,0
740,15,12,6,0
740,12,17,9,1
740,9,28,14,1
740,6,398,199,1
741,18,5,0,0
741,15,12,6,0
741,12,17,9,1
741,9,28,14,1
741,6,46,23,1
741,3,108,54,1
742,18,7,0,0
742,15,12,6,0
742,12,22,11,1
742,9,28,14,1
742,6,477,239,1
743,18,7,0,0
743,15,12,6,0
743,12,22,11,1
743,9,28,14,1
743,6,52,26,1
743,3,126,63,1
744,18,9,0,0
744,15,13,7,0
744,12,25,13,1
744,9,28,14,1
744,6,539,270,1
745,18,9,0,0
745,15,13,7,0
745,12,25,13,1
745,9,28,14,1
745,6,59,30,1
745,3,145,73,1
746,18,10,0,0
746,15,17,9,0
746,12,26,13,0
746,9,30,15,0
746,6,67,34,0
746,3,166,83,0
747,21,1,0,0
747,18,11,0,0
747,15,21,11,0
747,12,25,13,0
747,9,37,19,0
747,6,73,37,0
747,3,183,92,0
748,21,2,0,0
748,18,12,0,0
748,15,23,12,0
748,12,25,13,0
748,9,43,22,0
748,6,79,40,0
748,3,198,99,0
749,21,3,0,0
749,18,19,0,0
749,15,23,12,0
749,12,25,13,0
749,9,53,27,0
749,6,94,47,0
749,3,222,111,0
750,21,7,0,0
750,18,21,0,0
750,15,23,12,0
750,12,33,17,0
750,9,56,28,0
750,6,112,56,0
750,3,239,120,0
751,21,12,0,0
751,18,21,0,0
751,15,23,12,0
751,12,42,21,0
751,9,66,33,0
751,6,128,64,0
751,3,249,125,0
752,21,16,0,0
752,18,21,0,0
752,15,23,12,0
752,12,51,26,0
752,9,72,36,0
752,6,147,74,0
752,3,253,127,0
754,6,2,1,0
755,3,2,1,0
756,6,11,6,1
757,6,3,2,1
757,3,9,5,1
758,9,4,2,1
758,6,21,11,1
759,9,4,2,1
759,6,8,4,1
759,3,15,8,1
760,12,3,2,1
760,9,6,3,1
760,6,32,16,1
761,12,3,2,1
761,9,6,3,1
761,6,14,7,1
761,3,19,10,1
762,12,6,3,1
762,9,12,6,1
762,6,56,28,1
763,12,6,3,1
763,9,12,6,1
763,6,15,8,1
763,3,26,13,1
764,15,3,2,0
764,12,9,5,1
764,9,14,7,1
764,6,84,42,1
765,15,3,2,0
765,12,9,5,1
765,9,14,7,1
765,6,16,8,1
765,3,42,21,1
766,15,6,3,0
766,12,12,6,1
766,9,14,7,1
766,6,124,62,1
767,15,6,3,0
767,12,12,6,1
767,9,14,7,1
767,6,23,12,1
767,3,53,27,1
768,15,11,6,0
768,12,12,6,1
768,9,14,7,1
768,6,165,83,1
769,15,11,6,0
769,12,12,6,1
769,9,14,7,1
769,6,30,15,1
769,3,64,32,1
770,18,4,0,0
770,15,11,6,0
770,12,13,7,1
770,9,20,10,1
770,6,225,113,1
771,18,4,0,0
771,15,11,6,0
771,12,13,7,1
771,9,20,10,1
771,6,32,16,1
771,3,81,41,1
772,18,7,0,0
772,15,12,6,0
772,12,12,6,1
772,9,27,14,1
772,6,303,152,1
773,18,7,0,0
773,15,12,6,0
773,12,12,6,1
773,9,27,14,1
773,6,40,20,1
773,3,95,48,1
774,18,10,0,0
774,15,12,6,0
774,12,16,8,1
774,9,28,14,1
774,6,417,209,1
775,18,10,0,0
775,15,12,6,0
775,12,16,8,1
775,9,28,14,1
775,6,48,24,1
775,3,111,56,1
776,21,2,0,0
776,18,11,0,0
776,15,11,6,0
776,12,22,11,1
776,9,28,14,1
776,6,499,250,1
777,21,2,0,0
777,18,11,0,0
777,15,11,6,0
777,12,22,11,1
777,9,28,14,1
777,6,55,28,1
777,3,131,66,1
778,21,4,0,0
778,18,11,0,0
778,15,13,7,0
778,12,25,13,1
778,9,28,14,1
778,6,563,282,1
779,21,4,0,0
779,18,11,0,0
779,15,13,7,0
779,12,25,13,1
779,9,28,14,1
779,6,63,32,1
779,3,155,78,1
780,21,6,0,0
780,18,10,0,0
780,15,18,9,0
780,12,25,13,0
780,9,35,18,0
780,6,71,36,0
780,3,175,88,0
781,21,7,0,0
781,18,10,0,0
781,15,23,12,0
781,12,25,13,0
781,9,41,21,0
781,6,77,39,0
781,3,193,97,0
782,21,8,0,0
782,18,14,0,0
782,15,23,12,0
782,12,25,13,0
782,9,47,24,0
782,6,83,42,0
782,3,209,105,0
783,21,9,0,0
783,18,18,0,0
783,15,23,12,0
783,12,25,13,0
783,9,53,27,0
783,6,93,47,0
783,3,220,110,0
784,24,1,0,0
784,21,12,0,0
784,18,22,0,0
784,15,23,12,0
784,12,33,17,0
784,9,57,29,0
784,6,113,57,0
784,3,239,120,0
785,24,2,0,0
785,21,18,0,0
785,18,21,0,0
785,15,23,12,0
785,12,44,22,0
785,9,67,34,0
785,6,131,66,0
785,3,250,125,0
787,6,4,2,0
788,3,4,2,0
789,9,1,1,1
789,6,14,7,1
790,9,1,1,1
790,6,6,3,1
790,3,9,5,1
791,12,1,1,1
791,9,7,4,1
791,6,23,12,1
792,12,1,1,1
792,9,7,4,1
792,6,8,4,1
792,3,17,9,1
793,12,6,3,1
793,9,7,4,1
793,6,37,19,1
794,12,6,3,1
794,9,7,4,1
794,6,16,8,1
794,3,22,11,1
795,15,4,2,0
795,12,6,3,1
795,9,14,7,1
795,6,73,37,1
796,15,4,2,0
796,12,6,3,1
796,9,14,7,1
796,6,15,8,1
796,3,34,17,1
797,18,1,0,0
797,15,5,3,0
797,12,13,7,1
797,9,13,7,1
797,6,107,54,1
798,18,1,0,0
798,15,5,3,0
798,12,13,7,1
798,9,13,7,1
798,6,20,10,1
798,3,50,25,1
799,18,2,0,0
799,15,10,5,0
799,12,13,7,1
799,9,14,7,1
799,6,154,77,1
800,18,2,0,0
800,15,10,5,0
800,12,13,7,1
800,9,14,7,1
800,6,27,14,1
800,3,60,30,1
801,18,6,0,0
801,15,12,6,0
801,12,12,6,1
801,9,18,9,1
801,6,218,109,1
802,18,6,0,0
802,15,12,6,0
802,12,12,6,1
802,9,18,9,1
802,6,32,16,1
802,3,79,40,1
803,18,10,0,0
803,15,12,6,0
803,12,12,6,1
803,9,25,13,1
803,6,294,147,1
804,18,10,0,0
804,15,12,6,0
804,12,12,6,1
804,9,25,13,1
804,6,40,20,1
804,3,94,47,1
805,21,3,0,0
805,18,11,0,0
805,15,12,6,0
805,12,15,8,1
805,9,28,14,1
805,6,422,211,1
806,21,3,0,0
806,18,11,0,0
806,15,12,6,0
806,12,15,8,1
806,9,28,14,1
806,6,49,25,1
806,3,112,56,1
807,21,6,0,0
807,18,11,0,0
807,15,11,6,0
807,12,22,11,1
807,9,28,14,1
807,6,510,255,1
808,21,6,0,0
808,18,11,0,0
808,15,11,6,0
808,12,22,11,1
808,9,28,14,1
808,6,57,29,1
808,3,134,67,1
809,21,9,0,0
809,18,10,0,0
809,15,14,7,0
809,12,25,13,0
809,9,30,15,0
809,6,65,33,0
809,3,161,81,0
810,24,1,0,0
810,21,10,0,0
810,18,11,0,0
810,15,18,9,0
810,12,25,13,0
810,9,38,19,0
810,6,73,37,0
810,3,182,91,0
811,24,3,0,0
811,21,9,0,0
811,18,11,0,0
811,15,24,12,0
811,12,25,13,0
811,9,44,22,0
811,6,80,40,0
811,3,201,101,0
812,24,4,0,0
812,21,10,0,0
812,18,15,0,0
812,15,23,12,0
812,12,25,13,0
812,9,51,26,0
812,6,88,44,0
812,3,216,108,0
813,24,5,0,0
813,21,10,0,0
813,18,19,0,0
813,15,23,12,0
813,12,27,14,0
813,9,55,28,0
813,6,100,50,0
813,3,227,114,0
814,24,6,0,0
814,21,11,0,0
814,18,22,0,0
814,15,23,12,0
814,12,32,16,0
814,9,56,28,0
814,6,112,56,0
814,3,237,119,0
815,24,8,0,0
815,21,17,0,0
815,18,22,0,0
815,15,23,12,0
815,12,43,22,0
815,9,68,34,0
815,6,131,66,0
815,3,250,125,0
817,6,6,3,0
818,6,2,1,0
818,3,4,2,0
819,9,3,2,1
819,6,17,9,1
820,9,3,2,1
820,6,8,4,1
820,3,10,5,1
821,12,4,2,1
821,9,7,4,1
821,6,27,14,1
822,12,4,2,1
822,9,7,4,1
822,6,10,5,1
822,3,17,9,1
823,15,4,2,0
823,12,6,3,1
823,9,9,5,1
823,6,55,28,1
824,15,4,2,0
824,12,6,3,1
824,9,9,5,1
824,6,16,8,1
824,3,26,13,1
825,18,2,0,0
825,15,5,3,0
825,12,9,5,1
825,9,14,7,1
825,6,87,44,1
826,18,2,0,0
826,15,5,3,0
826,12,9,5,1
826,9,14,7,1
826,6,16,8,1
826,3,44,22,1
827,18,4,0,0
827,15,8,4,0
827,12,12,6,1
827,9,14,7,1
827,6,138,69,1
828,18,4,0,0
828,15,8,4,0
828,12,12,6,1
828,9,14,7,1
828,6,25,13,1
828,3,56,28,1
829,21,1,0,0
829,18,6,0,0
829,15,12,6,0
829,12,12,6,1
829,9,15,8,1
829,6,200,100,1
830,21,1,0,0
830,18,6,0,0
830,15,12,6,0
830,12,12,6,1
830,9,15,8,1
830,6,31,16,1
830,3,74,37,1
831,21,2,0,0
831,18,10,0,0
831,15,12,6,0
831,12,13,7,1
831,9,22,11,1
831,6,279,140,1
832,21,2,0,0
832,18,10,0,0
832,15,12,6,0
832,12,13,7,1
832,9,22,11,1
832,6,40,20,1
832,3,90,45,1
833,21,6,0,0
833,18,11,0,0
833,15,11,6,0
833,12,15,8,1
833,9,27,14,1
833,6,412,206,1
834,21,6,0,0
834,18,11,0,0
834,15,11,6,0
834,12,15,8,1
834,9,27,14,1
834,6,49,25,1
834,3,110,55,1
835,21,10,0,0
835,18,10,0,0
835,15,12,6,0
835,12,20,10,1
835,9,28,14,1
835,6,510,255,1
836,21,10,0,0
836,18,10,0,0
836,15,12,6,0
836,12,20,10,1
836,9,28,14,1
836,6,58,29,1
836,3,133,67,1
837,24,3,0,0
837,21,10,0,0
837,18,10,0,0
837,15,13,7,0
837,12,26,13,0
837,9,31,16,0
837,6,66,33,0
837,3,163,82,0
838,24,5,0,0
838,21,10,0,0
838,18,11,0,0
838,15,18,9,0
838,12,25,13,0
838,9,40,20,0
838,6,74,37,0
838,3,186,93,0
839,24,7,0,0
839,21,10,0,0
839,18,11,0,0
839,15,23,12,0
839,12,25,13,0
839,9,47,24,0
839,6,81,41,0
839,3,206,103,0
840,24,9,0,0
840,21,10,0,0
840,18,15,0,0
840,15,23,12,0
840,12,25,13,0
840,9,54,27,0
840,6,93,47,0
840,3,220,110,0
841,27,1,0,0
841,24,10,0,0
841,21,10,0,0
841,18,19,0,0
841,15,24,12,0
841,12,29,15,0
841,9,56,28,0
841,6,106,53,0
841,3,232,116,0
842,27,3,0,0
842,24,9,0,0
842,21,12,0,0
842,18,22,0,0
842,15,23,12,0
842,12,36,18,0
842,9,60,30,0
842,6,115,58,0
842,3,244,122,0
843,27,4,0,0
843,24,9,0,0
843,21,16,0,0
843,18,21,0,0
843,15,23,12,0
843,12,43,22,0
843,9,65,33,0
843,6,128,64,0
843,3,249,125,0
845,6,8,4,0
846,6,4,2,0
846,3,5,3,0
847,12,2,1,1
847,9,4,2,1
847,6,19,10,1
848,12,2,1,1
848,9,4,2,1
848,6,8,4,1
848,3,12,6,1
849,15,2,1,0
849,12,6,3,1
849,9,7,4,1
849,6,32,16,1
850,15,2,1,0
850,12,6,3,1
850,9,7,4,1
850,6,11,6,1
850,3,21,11,1
851,18,1,0,0
851,15,6,3,0
851,12,6,3,1
851,9,12,6,1
851,6,70,35,1
852,18,1,0,0
852,15,6,3,0
852,12,6,3,1
852,9,12,6,1
852,6,15,8,1
852,3,31,16,1
853,18,5,0,0
853,15,6,3,0
853,12,11,6,1
853,9,13,7,1
853,6,111,56,1
854,18,5,0,0
854,15,6,3,0
854,12,11,6,1
854,9,13,7,1
854,6,21,11,1
854,3,51,26,1
855,21,2,0,0
855,18,6,0,0
855,15,10,5,0
855,12,12,6,1
855,9,14,7,1
855,6,169,85,1
856,21,2,0,0
856,18,6,0,0
856,15,10,5,0
856,12,12,6,1
856,9,14,7,1
856,6,29,15,1
856,3,66,33,1
857,21,4,0,0
857,18,9,0,0
857,15,11,6,0
857,12,13,7,1
857,9,20,10,1
857,6,248,124,1
858,21,4,0,0
858,18,9,0,0
858,15,11,6,0
858,12,13,7,1
858,9,20,10,1
858,6,36,18,1
858,3,85,43,1
859,24,1,0,0
859,21,7,0,0
859,18,11,0,0
859,15,11,6,0
859,12,13,7,1
859,9,27,14,1
859,6,384,192,1
860,24,1,0,0
860,21,7,0,0
860,18,11,0,0
860,15,11,6,0
860,12,13,7,1
860,9,27,14,1
860,6,47,24,1
860,3,106,53,1
861,24,2,0,0
861,21,10,0,0
861,18,11,0,0
861,15,12,6,0
861,12,18,9,1
861,9,28,14,1
861,6,499,250,1
862,24,2,0,0
862,21,10,0,0
862,18,11,0,0
862,15,12,6,0
862,12,18,9,1
862,9,28,14,1
862,6,57,29,1
862,3,130,65,1
863,24,6,0,0
863,21,10,0,0
863,18,10,0,0
863,15,12,6,0
863,12,25,13,0
863,9,32,16,0
863,6,65,33,0
863,3,161,81,0
864,24,9,0,0
864,21,10,0,0
864,18,10,0,0
864,15,18,9,0
864,12,25,13,0
864,9,41,21,0
864,6,74,37,0
864,3,188,94,0
865,27,2,0,0
865,24,10,0,0
865,21,9,0,0
865,18,11,0,0
865,15,23,12,0
865,12,25,13,0
865,9,48,24,0
865,6,83,42,0
865,3,208,104,0
866,27,4,0,0
866,24,10,0,0
866,21,9,0,0
866,18,16,0,0
866,15,23,12,0
866,12,26,13,0
866,9,56,28,0
866,6,95,48,0
866,3,224,112,0
867,27,6,0,0
867,24,9,0,0
867,21,10,0,0
867,18,21,0,0
867,15,23,12,0
867,12,32,16,0
867,9,56,28,0
867,6,110,55,0
867,3,236,118,0
868,27,8,0,0
868,24,9,0,0
868,21,13,0,0
868,18,21,0,0
868,15,23,12,0
868,12,40,20,0
868,9,62,31,0
868,6,121,61,0
868,3,246,123,0
869,27,9,0,0
869,24,9,0,0
869,21,17,0,0
869,18,21,0,0
869,15,24,12,0
869,12,45,23,0
869,9,69,35,0
869,6,133,67,0
869,3,252,126,0
871,9,2,1,1
871,6,9,5,1
872,9,2,1,1
872,6,3,2,1
872,3,7,4,1
873,15,1,1,0
873,12,3,2,1
873,9,5,3,1
873,6,21,11,1
874,15,1,1,0
874,12,3,2,1
874,9,5,3,1
874,6,8,4,1
874,3,14,7,1
875,15,5,3,0
875,12,6,3,1
875,9,7,4,1
875,6,41,21,1
876,15,5,3,0
876,12,6,3,1
876,9,7,4,1
876,6,13,7,1
876,3,25,13,1
877,18,4,0,0
877,15,6,3,0
877,12,7,4,1
877,9,13,7,1
877,6,83,42,1
878,18,4,0,0
878,15,6,3,0
878,12,7,4,1
878,9,13,7,1
878,6,16,8,1
878,3,41,21,1
879,21,3,0,0
879,18,5,0,0
879,15,7,4,0
879,12,12,6,1
879,9,14,7,1
879,6,139,70,1
880,21,3,0,0
880,18,5,0,0
880,15,7,4,0
880,12,12,6,1
880,9,14,7,1
880,6,25,13,1
880,3,57,29,1
881,24,1,0,0
881,21,5,0,0
881,18,6,0,0
881,15,11,6,0
881,12,13,7,1
881,9,16,8,1
881,6,214,107,1
882,24,1,0,0
882,21,5,0,0
882,18,6,0,0
882,15,11,6,0
882,12,13,7,1
882,9,16,8,1
882,6,32,16,1
882,3,78,39,1
883,24,3,0,0
883,21,5,0,0
883,18,11,0,0
883,15,11,6,0
883,12,13,7,1
883,9,24,12,1
883,6,331,166,1
884,24,3,0,0
884,21,5,0,0
884,18,11,0,0
884,15,11,6,0
884,12,13,7,1
884,9,24,12,1
884,6,44,22,1
884,3,98,49,1
885,24,4,0,0
885,21,10,0,0
885,18,10,0,0
885,15,12,6,0
885,12,16,8,1
885,9,28,14,1
885,6,473,237,1
886,24,4,0,0
886,21,10,0,0
886,18,10,0,0
886,15,12,6,0
886,12,16,8,1
886,9,28,14,1
886,6,55,28,1
886,3,123,62,1
887,24,8,0,0
887,21,10,0,0
887,18,11,0,0
887,15,11,6,0
887,12,23,12,0
887,9,31,16,0
887,6,63,32,0
887,3,157,79,0
888,27,3,0,0
888,24,9,0,0
888,21,10,0,0
888,18,10,0,0
888,15,17,9,0
888,12,25,13,0
888,9,40,20,0
888,6,74,37,0
888,3,186,93,0
889,27,6,0,0
889,24,9,0,0
889,21,10,0,0
889,18,10,0,0
889,15,23,12,0
889,12,25,13,0
889,9,49,25,0
889,6,82,41,0
889,3,209,105,0
890,27,8,0,0
890,24,9,0,0
890,21,10,0,0
890,18,15,0,0
890,15,23,12,0
890,12,27,14,0
890,9,56,28,0
890,6,97,49,0
890,3,224,112,0
891,30,2,0,0
891,27,8,0,0
891,24,10,0,0
891,21,10,0,0
891,18,20,0,0
891,15,23,12,0
891,12,34,17,0
891,9,57,29,0
891,6,112,56,0
891,3,238,119,0
892,30,4,0,0
892,27,8,0,0
892,24,9,0,0
892,21,14,0,0
892,18,21,0,0
892,15,23,12,0
892,12,42,21,0
892,9,64,32,0
892,6,124,62,0
892,3,248,124,0
893,30,5,0,0
893,27,9,0,0
893,24,9,0,0
893,21,18,0,0
893,18,21,0,0
893,15,23,12,0
893,12,49,25,0
893,9,70,35,0
893,6,138,69,0
893,3,254,127,0
895,9,3,2,1
895,6,11,6,1
896,9,3,2,1
896,6,4,2,1
896,3,8,4,1
897,15,2,1,0
897,12,4,2,1
897,9,6,3,1
897,6,22,11,1
898,15,2,1,0
898,12,4,2,1
898,9,6,3,1
898,6,8,4,1
898,3,16,8,1
899,18,2,0,0
899,15,6,3,0
899,12,6,3,1
899,9,7,4,1
899,6,57,29,1
900,18,2,0,0
900,15,6,3,0
900,12,6,3,1
900,9,7,4,1
900,6,16,8,1
900,3,28,14,1
901,21,2,0,0
901,18,6,0,0
901,15,5,3,0
901,12,8,4,1
901,9,14,7,1
901,6,98,49,1
902,21,2,0,0
902,18,6,0,0
902,15,5,3,0
902,12,8,4,1
902,9,14,7,1
902,6,20,10,1
902,3,47,24,1
903,24,1,0,0
903,21,5,0,0
903,18,6,0,0
903,15,8,4,0
903,12,13,7,1
903,9,13,7,1
903,6,167,84,1
904,24,1,0,0
904,21,5,0,0
904,18,6,0,0
904,15,8,4,0
904,12,13,7,1
904,9,13,7,1
904,6,30,15,1
904,3,65,33,1
905,24,4,0,0
905,21,5,0,0
905,18,8,0,0
905,15,12,6,0
905,12,12,6,1
905,9,21,11,1
905,6,265,133,1
906,24,4,0,0
906,21,5,0,0
906,18,8,0,0
906,15,12,6,0
906,12,12,6,1
906,9,21,11,1
906,6,39,20,1
906,3,87,44,1
907,27,1,0,0
907,24,5,0,0
907,21,8,0,0
907,18,10,0,0
907,15,12,6,0
907,12,14,7,1
907,9,27,14,1
907,6,426,213,1
908,27,1,0,0
908,24,5,0,0
908,21,8,0,0
908,18,10,0,0
908,15,12,6,0
908,12,14,7,1
908,9,27,14,1
908,6,51,26,1
908,3,112,56,1
909,27,2,0,0
909,24,7,0,0
909,21,10,0,0
909,18,11,0,0
909,15,11,6,0
909,12,21,11,1
909,9,28,14,1
909,6,542,271,1
910,27,2,0,0
910,24,7,0,0
910,21,10,0,0
910,18,11,0,0
910,15,11,6,0
910,12,21,11,1
910,9,28,14,1
910,6,63,32,1
910,3,145,73,1
911,27,5,0,0
911,24,9,0,0
911,21,10,0,0
911,18,10,0,0
911,15,15,8,0
911,12,25,13,0
911,9,39,20,0
911,6,72,36,0
911,3,180,90,0
912,27,8,0,0
912,24,9,0,0
912,21,10,0,0
912,18,11,0,0
912,15,20,10,0
912,12,26,13,0
912,9,48,24,0
912,6,81,41,0
912,3,206,103,0
913,30,3,0,0
913,27,8,0,0
913,24,10,0,0
913,21,9,0,0
913,18,15,0,0
913,15,23,12,0
913,12,27,14,0
913,9,56,28,0
913,6,96,48,0
913,3,224,112,0
914,30,5,0,0
914,27,9,0,0
914,24,9,0,0
914,21,10,0,0
914,18,20,0,0
914,15,23,12,0
914,12,35,18,0
914,9,57,29,0
914,6,112,56,0
914,3,239,120,0
915,30,7,0,0
915,27,9,0,0
915,24,9,0,0
915,21,13,0,0
915,18,22,0,0
915,15,23,12,0
915,12,43,22,0
915,9,65,33,0
915,6,126,63,0
915,3,248,124,0
916,6,2,1,0
917,3,2,1,0
918,12,2,1,1
918,9,3,2,1
918,6,12,6,1
919,12,2,1,1
919,9,3,2,1
919,6,4,2,1
919,3,9,5,1
920,18,1,0,0
920,15,3,2,0
920,12,5,3,1
920,9,6,3,1
920,6,27,14,1
921,18,1,0,0
921,15,3,2,0
921,12,5,3,1
921,9,6,3,1
921,6,8,4,1
921,3,20,10,1
922,21,1,0,0
922,18,4,0,0
922,15,6,3,0
922,12,6,3,1
922,9,9,5,1
922,6,71,36,1
923,21,1,0,0
923,18,4,0,0
923,15,6,3,0
923,12,6,3,1
923,9,9,5,1
923,6,15,8,1
923,3,33,17,1
924,24,1,0,0
924,21,4,0,0
924,18,6,0,0
924,15,5,3,0
924,12,10,5,1
924,9,14,7,1
924,6,125,63,1
925,24,1,0,0
925,21,4,0,0
925,18,6,0,0
925,15,5,3,0
925,12,10,5,1
925,9,14,7,1
925,6,24,12,1
925,3,53,27,1
926,24,4,0,0
926,21,5,0,0
926,18,5,0,0
926,15,11,6,0
926,12,12,6,1
926,9,17,9,1
926,6,208,104,1
927,24,4,0,0
927,21,5,0,0
927,18,5,0,0
927,15,11,6,0
927,12,12,6,1
927,9,17,9,1
927,6,31,16,1
927,3,77,39,1
928,27,2,0,0
928,24,5,0,0
928,21,5,0,0
928,18,10,0,0
928,15,12,6,0
928,12,12,6,1
928,9,26,13,1
928,6,346,173,1
929,27,2,0,0
929,24,5,0,0
929,21,5,0,0
929,18,10,0,0
929,15,12,6,0
929,12,12,6,1
929,9,26,13,1
929,6,44,22,1
929,3,101,51,1
930,27,4,0,0
930,24,5,0,0
930,21,10,0,0
930,18,10,0,0
930,15,12,6,0
930,12,18,9,1
930,9,27,14,1
930,6,501,251,1
931,27,4,0,0
931,24,5,0,0
931,21,10,0,0
931,18,10,0,0
931,15,12,6,0
931,12,18,9,1
931,9,27,14,1
931,6,59,30,1
931,3,130,65,1
932,30,1,0,0
932,27,5,0,0
932,24,9,0,0
932,21,10,0,0
932,18,10,0,0
932,15,12,6,0
932,12,25,13,1
932,9,36,18,1
932,6,68,34,1
932,3,170,85,1
933,30,2,0,0
933,27,8,0,0
933,24,9,0,0
933,21,10,0,0
933,18,11,0,0
933,15,18,9,0
933,12,26,13,1
933,9,46,23,1
933,6,79,40,1
933,3,200,100,1
934,30,5,0,0
934,27,9,0,0
934,24,9,0,0
934,21,10,0,0
934,18,13,0,0
934,15,23,12,0
934,12,26,13,1
934,9,56,28,1
934,6,94,47,1
934,3,221,111,1
935,30,8,0,0
935,27,9,0,0
935,24,9,0,0
935,21,10,0,0
935,18,18,0,0
935,15,23,12,0
935,12,35,18,1
935,9,56,28,1
935,6,112,56,1
935,3,237,119,1
936,33,3,0,0
936,30,8,0,0
936,27,8,0,0
936,24,10,0,0
936,21,13,0,0
936,18,21,0,0
936,15,23,12,0
936,12,43,22,1
936,9,65,33,1
936,6,127,64,1
936,3,248,124,1
937,6,3,2,0
938,3,3,2,0
939,12,3,2,1
939,9,3,2,1
939,6,14,7,1
940,12,3,2,1
940,9,3,2,1
940,6,6,3,1
940,3,9,5,1
941,18,2,0,0
941,15,3,2,0
941,12,6,3,1
941,9,7,4,1
941,6,31,16,1
942,18,2,0,0
942,15,3,2,0
942,12,6,3,1
942,9,7,4,1
942,6,9,5,1
942,3,23,12,1
943,21,2,0,0
943,18,6,0,0
943,15,5,3,0
943,12,7,4,1
943,9,10,5,1
943,6,83,42,1
944,21,2,0,0
944,18,6,0,0
944,15,5,3,0
944,12,7,4,1
944,9,10,5,1
944,6,17,9,1
944,3,40,20,1
945,24,3,0,0
945,21,5,0,0
945,18,5,0,0
945,15,6,3,0
945,12,12,6,1
945,9,14,7,1
945,6,149,75,1
946,24,3,0,0
946,21,5,0,0
946,18,5,0,0
946,15,6,3,0
946,12,12,6,1
946,9,14,7,1
946,6,28,14,1
946,3,58,29,1
947,27,2,0,0
947,24,5,0,0
947,21,5,0,0
947,18,6,0,0
947,15,12,6,0
947,12,12,6,1
947,9,21,11,1
947,6,250,125,1
948,27,2,0,0
948,24,5,0,0
948,21,5,0,0
948,18,6,0,0
948,15,12,6,0
948,12,12,6,1
948,9,21,11,1
948,6,37,19,1
948,3,84,42,1
949,30,1,0,0
949,27,4,0,0
949,24,5,0,0
949,21,7,0,0
949,18,10,0,0
949,15,12,6,0
949,12,14,7,1
949,9,28,14,1
949,6,433,217,1
950,30,1,0,0
950,27,4,0,0
950,24,5,0,0
950,21,7,0,0
950,18,10,0,0
950,15,12,6,0
950,12,14,7,1
950,9,28,14,1
950,6,51,26,1
950,3,114,57,1
951,30,3,0,0
951,27,4,0,0
951,24,7,0,0
951,21,10,0,0
951,18,10,0,0
951,15,12,6,0
951,12,23,12,1
951,9,30,15,1
951,6,63,32,1
951,3,155,78,1
952,30,4,0,0
952,27,6,0,0
952,24,10,0,0
952,21,9,0,0
952,18,11,0,0
952,15,16,8,0
952,12,25,13,1
952,9,43,22,1
952,6,76,38,1
952,3,190,95,1
953,33,1,0,0
953,30,6,0,0
953,27,8,0,0
953,24,9,0,0
953,21,10,0,0
953,18,11,0,0
953,15,23,12,0
953,12,25,13,1
953,9,54,27,1
953,6,88,44,1
953,3,216,108,1
954,33,2,0,0
954,30,8,0,0
954,27,9,0,0
954,24,9,0,0
954,21,10,0,0
954,18,17,0,0
954,15,23,12,0
954,12,34,17,1
954,9,55,28,1
954,6,109,55,1
954,3,234,117,1
955,33,5,0,0
955,30,8,0,0
955,27,9,0,0
955,24,9,0,0
955,21,12,0,0
955,18,21,0,0
955,15,23,12,0
955,12,43,22,1
955,9,64,32,1
955,6,124,62,1
955,3,248,124,1
