profile_id,dive_depth_m,bottom_time_min,ascent_to_1st_stop_min,total_deco_air_min,total_deco_o2_min
1,7.5,745,0:50,0:50,0
2,7.5,750,0:10,6:10,3:10
3,7.5,750,0:30,1:30,1:30
4,7.5,780,0:10,43:10,22:10
5,7.5,780,0:30,8:30,4:30
6,7.5,810,0:10,73:10,37:10
7,7.5,810,0:30,14:30,7:30
8,7.5,840,0:10,99:10,50:10
9,7.5,840,0:30,20:30,10:30
10,7.5,870,0:10,121:10,61:10
11,7.5,870,0:30,24:30,12:30
12,7.5,900,0:10,140:10,70:10
13,7.5,900,0:30,29:30,15:30
14,9,356,1,1,0
15,9,360,0:20,3:20,2:20
16,9,360,0:40,1:40,1:40
17,9,390,0:20,19:20,10:20
18,9,390,0:40,7:40,4:40
19,9,420,0:20,39:20,20:20
20,9,420,0:40,13:40,7:40
21,9,450,0:20,64:20,32:20
22,9,450,0:40,21:40,11:40
23,9,480,0:20,92:20,46:20
24,9,480,0:40,29:40,15:40
25,9,510,0:20,138:20,69:20
26,9,510,0:40,36:40,18:40
27,9,540,0:20,196:20,98:20
28,9,540,0:40,46:40,23:40
29,9,570,0:20,242:20,121:20
30,9,570,0:40,56:40,28:40
31,9,600,0:20,279:20,140:20
32,9,600,0:40,68:40,34:40
33,9,630,0:20,311:20,156:20
34,9,630,0:40,78:40,39:40
35,9,660,0:20,337:20,169:20
36,9,660,0:40,87:40,44:40
37,9,690,0:20,359:20,180:20
38,9,690,0:40,95:40,48:40
39,9,720,0:20,378:20,189:20
40,9,720,0:40,102:40,51:40
41,9,750,0:20,395:20,198:20
42,9,750,0:40,109:40,55:40
43,9,780,0:20,410:20,205:20
44,9,780,0:40,115:40,58:40
45,9,810,0:20,423:20,212:20
46,9,810,0:40,120:40,60:40
47,9,840,0:20,434:20,217:20
48,9,840,0:40,125:40,63:40
49,9,870,0:20,445:20,223:20
50,9,870,0:40,129:40,65:40
51,9,900,0:20,454:20,227:20
52,9,900,0:40,133:40,67:40
53,10.5,208,1:10,1:10,0
54,10.5,210,0:30,1:30,1:30
55,10.5,210,0:50,1:50,1:50
56,10.5,220,0:30,7:30,4:30
57,10.5,220,0:50,3:50,2:50
58,10.5,230,0:30,12:30,6:30
59,10.5,230,0:50,6:50,3:50
60,10.5,240,0:30,16:30,8:30
61,10.5,240,0:50,8:50,4:50
62,10.5,270,0:30,38:30,19:30
63,10.5,270,0:50,15:50,8:50
64,10.5,300,0:30,62:30,31:30
65,10.5,300,0:50,26:50,13:50
66,10.5,330,0:30,97:30,49:30
67,10.5,330,0:50,35:50,18:50
68,10.5,360,0:30,132:30,66:30
69,10.5,360,0:50,48:50,24:50
70,10.5,390,0:30,192:30,96:30
71,10.5,390,0:50,59:50,30:50
72,10.5,420,0:30,272:30,136:30
73,10.5,420,0:50,72:50,36:50
74,10.5,450,0:30,331:30,166:30
75,10.5,450,0:50,85:50,43:50
76,10.5,480,0:30,378:30,189:30
77,10.5,480,0:50,102:50,51:50
78,10.5,510,0:30,416:30,208:30
79,10.5,510,0:50,117:50,59:50
80,10.5,540,0:30,448:30,224:30
81,10.5,540,0:50,131:50,66:50
82,10.5,570,0:30,475:30,238:30
83,10.5,570,0:50,143:50,72:50
84,10.5,600,0:30,497:30,249:30
85,10.5,600,0:50,153:50,77:50
86,10.5,630,0:30,517:30,259:30
87,10.5,630,0:50,162:50,81:50
88,10.5,660,0:30,534:30,267:30
89,10.5,660,0:50,171:50,86:50
90,10.5,690,0:30,549:30,275:30
91,10.5,690,0:50,178:50,89:50
92,10.5,720,0:30,562:30,281:30
93,10.5,720,0:50,185:50,93:50
94,10.5,750,0:30,574:30,287:30
95,10.5,750,0:50,191:50,96:50
96,10.5,780,0:30,584:30,292:30
97,10.5,780,0:50,196:50,98:50
98,10.5,810,0:30,593:30,297:30
99,10.5,810,0:50,201:50,101:50
100,10.5,840,0:50,206:50,103:50
101,10.5,870,0:50,210:50,105:50
102,10.5,900,0:50,214:50,107:50
103,12,151,1:20,1:20,0
104,12,160,0:40,9:40,5:40
105,12,160,1,6,4
106,12,170,0:40,18:40,9:40
107,12,170,1,10,6
108,12,180,0:40,26:40,13:40
109,12,180,1,14,8
110,12,190,0:40,33:40,17:40
111,12,190,1,18,10
112,12,200,0:40,39:40,20:40
113,12,200,1,22,12
114,12,210,0:40,48:40,24:40
115,12,210,1,25,13
116,12,220,0:40,62:40,31:40
117,12,220,1,28,15
118,12,230,0:40,74:40,37:40
119,12,230,1,33,17
120,12,240,0:40,84:40,42:40
121,12,240,1,38,20
122,12,270,0:40,129:40,65:40
123,12,270,1,51,26
124,12,300,0:40,180:40,90:40
125,12,300,1,67,34
126,12,330,0:40,271:40,136:40
127,12,330,1,83,42
128,12,360,0:40,356:40,178:40
129,12,360,1,100,51
130,12,390,0:40,419:40,210:40
131,12,390,1,120,61
132,12,420,0:40,468:40,234:40
133,12,420,1,141,71
134,12,450,0:40,508:40,254:40
135,12,450,1,159,80
136,12,480,0:40,541:40,271:40
137,12,480,1,175,88
138,12,510,0:40,569:40,285:40
139,12,510,1,189,95
140,12,540,0:40,592:40,296:40
141,12,540,1,202,102
142,12,570,0:40,612:40,306:40
143,12,570,1,213,107
144,12,600,1,224,113
145,12,630,0:40,235:40,118:40
146,12,660,0:40,245:40,123:40
147,12,690,0:40,254:40,128:40
148,12,720,0:40,262:40,131:40
149,12,750,0:40,271:40,136:40
150,12,780,0:40,278:40,140:40
151,12,810,0:40,285:40,143:40
152,12,840,0:40,291:40,146:40
153,12,870,0:40,297:40,149:40
154,12,900,0:40,303:40,152:40
155,13.5,112,1:30,1:30,0
156,13.5,120,0:50,3:50,2:50
157,13.5,120,1:10,3:10,2:10
158,13.5,130,0:50,14:50,7:50
159,13.5,130,1:10,8:10,5:10
160,13.5,140,0:50,27:50,14:50
161,13.5,140,1:10,15:10,8:10
162,13.5,150,0:50,37:50,19:50
163,13.5,150,1:10,21:10,11:10
164,13.5,160,0:50,46:50,23:50
165,13.5,160,1:10,26:10,14:10
166,13.5,170,0:50,54:50,27:50
167,13.5,170,1:10,31:10,16:10
168,13.5,180,0:50,68:50,34:50
169,13.5,180,1:10,36:10,19:10
170,13.5,190,0:50,84:50,42:50
171,13.5,190,1:10,40:10,21:10
172,13.5,200,0:50,98:50,49:50
173,13.5,200,1:10,45:10,23:10
174,13.5,210,0:50,110:50,55:50
175,13.5,210,1:10,52:10,27:10
176,13.5,220,0:50,131:50,66:50
177,13.5,220,1:10,58:10,30:10
178,13.5,230,0:50,152:50,76:50
179,13.5,230,1:10,64:10,33:10
180,13.5,240,0:50,171:50,86:50
181,13.5,240,1:10,69:10,35:10
182,13.5,270,0:50,255:50,128:50
183,13.5,270,1:10,89:10,45:10
184,13.5,300,0:50,369:50,185:50
185,13.5,300,1:10,109:10,55:10
186,13.5,330,0:50,448:50,224:50
187,13.5,330,0:50,133:50,67:50
188,13.5,360,0:50,508:50,254:50
189,13.5,360,0:50,162:50,81:50
190,13.5,390,0:50,555:50,278:50
191,13.5,390,0:50,188:50,95:50
192,13.5,420,0:50,593:50,297:50
193,13.5,420,0:50,210:50,106:50
194,13.5,450,0:50,230:50,115:50
195,13.5,480,0:50,248:50,124:50
196,13.5,510,0:50,265:50,133:50
197,13.5,540,0:50,280:50,141:50
198,13.5,570,0:50,293:50,147:50
199,13.5,600,0:50,306:50,154:50
200,13.5,630,0:50,318:50,160:50
201,13.5,660,0:50,328:50,165:50
202,13.5,690,0:50,338:50,170:50
203,13.5,720,0:50,348:50,174:50
204,13.5,750,0:50,356:50,179:50
205,13.5,780,0:50,363:50,182:50
206,13.5,810,0:50,370:50,186:50
207,13.5,840,0:50,376:50,189:50
208,13.5,870,0:50,381:50,191:50
209,13.5,900,0:50,386:50,194:50
210,15,85,1:40,1:40,0
211,15,90,1,4,3
212,15,90,1:20,4:20,3:20
213,15,100,1,9,5
214,15,100,1:20,8:20,5:20
215,15,110,1,18,10
216,15,110,1:20,12:20,7:20
217,15,120,1,34,18
218,15,120,1:20,18:20,10:20
219,15,130,1,47,24
220,15,130,1:20,26:20,14:20
221,15,140,1,58,30
222,15,140,1:20,34:20,18:20
223,15,150,1,67,34
224,15,150,1:20,41:20,21:20
225,15,160,1,88,45
226,15,160,1:20,47:20,24:20
227,15,170,1,106,54
228,15,170,1:20,52:20,27:20
229,15,180,1,121,61
230,15,180,1:20,58:20,30:20
231,15,190,1,144,73
232,15,190,1:20,66:20,34:20
233,15,200,1,169,85
234,15,200,1:20,73:20,37:20
235,15,210,1,191,96
236,15,210,1:20,81:20,41:20
237,15,220,1,219,110
238,15,220,1,88,45
239,15,230,1,252,127
240,15,230,1,99,51
241,15,240,1,303,152
242,15,240,1,108,55
243,15,270,1,423,212
244,15,270,1,136,69
245,15,300,1,505,253
246,15,300,1,169,85
247,15,330,1,566,284
248,15,330,1,204,103
249,15,360,1,614,308
250,15,360,1,232,117
251,15,390,1,257,129
252,15,420,1,280,141
253,15,450,1,301,152
254,15,480,1,319,161
255,15,510,1,336,169
256,15,540,1,352,177
257,15,570,1,366,184
258,15,600,1,379,191
259,15,630,1,391,197
260,15,660,1,401,202
261,15,690,1,411,207
262,15,720,1,419,211
263,15,750,1,427,214
264,15,780,1,434,218
265,15,810,1,440,221
266,15,840,1,446,224
267,15,870,1,451,227
268,15,900,1,456,229
269,16.5,69,1:50,1:50,0
270,16.5,70,1:10,2:10,2:10
271,16.5,70,1:30,2:30,2:30
272,16.5,75,1:10,6:10,4:10
273,16.5,75,1:30,5:30,3:30
274,16.5,80,1:10,9:10,5:10
275,16.5,80,1:30,8:30,5:30
276,16.5,85,1:10,12:10,7:10
277,16.5,85,1:30,12:30,7:30
278,16.5,90,1:10,15:10,8:10
279,16.5,90,1:30,14:30,8:30
280,16.5,100,1:10,30:10,16:10
281,16.5,100,1:30,19:30,10:30
282,16.5,110,1:10,47:10,24:10
283,16.5,110,1:30,27:30,14:30
284,16.5,120,1:10,61:10,31:10
285,16.5,120,1:30,36:30,19:30
286,16.5,130,1:10,73:10,37:10
287,16.5,130,1:30,45:30,23:30
288,16.5,140,1:10,94:10,48:10
289,16.5,140,1:30,53:30,27:30
290,16.5,150,1:10,115:10,58:10
291,16.5,150,1:30,60:30,31:30
292,16.5,160,1:10,133:10,67:10
293,16.5,160,1:10,68:10,35:10
294,16.5,170,1:10,161:10,81:10
295,16.5,170,1:10,76:10,39:10
296,16.5,180,1:10,189:10,95:10
297,16.5,180,1:10,87:10,44:10
298,16.5,190,1:10,213:10,107:10
299,16.5,190,1:10,96:10,49:10
300,16.5,200,1:10,253:10,127:10
301,16.5,200,1:10,107:10,55:10
302,16.5,210,1:10,304:10,153:10
303,16.5,210,1:10,119:10,61:10
304,16.5,220,1:10,358:10,180:10
305,16.5,220,1:10,129:10,65:10
306,16.5,230,1:10,404:10,203:10
307,16.5,230,1:10,140:10,71:10
308,16.5,240,1:10,443:10,222:10
309,16.5,240,1:10,153:10,78:10
310,16.5,270,1:10,535:10,268:10
311,16.5,270,1:10,192:10,97:10
312,16.5,300,1:10,602:10,302:10
313,16.5,300,1:10,231:10,117:10
314,16.5,330,1:10,264:10,133:10
315,16.5,360,1:10,292:10,147:10
316,16.5,390,1:10,319:10,160:10
317,16.5,420,1:10,341:10,171:10
318,16.5,450,1:10,362:10,182:10
319,16.5,480,0:50,381:50,191:50
320,16.5,510,0:50,400:50,201:50
321,16.5,540,0:50,418:50,210:50
322,16.5,570,0:50,433:50,217:50
323,16.5,600,0:50,446:50,224:50
324,16.5,630,0:50,459:50,230:50
325,16.5,660,0:50,471:50,236:50
326,16.5,690,0:50,481:50,241:50
327,16.5,720,0:50,491:50,246:50
328,16.5,750,0:50,500:50,251:50
329,16.5,780,0:50,508:50,255:50
330,16.5,810,0:50,516:50,259:50
331,16.5,840,0:50,523:50,262:50
332,16.5,870,0:50,529:50,266:50
333,16.5,900,0:50,535:50,269:50
334,18,59,2,2,0
335,18,60,1:20,2:20,2:20
336,18,60,1:40,2:40,2:40
337,18,65,1:20,7:20,4:20
338,18,65,1:40,7:40,4:40
339,18,70,1:20,12:20,7:20
340,18,70,1:40,11:40,6:40
341,18,75,1:20,15:20,8:20
342,18,75,1:40,15:40,8:40
343,18,80,1:20,19:20,10:20
344,18,80,1:40,19:40,10:40
345,18,85,1:20,24:20,13:20
346,18,85,1:40,22:40,12:40
347,18,90,1:20,36:20,19:20
348,18,90,1:40,25:40,13:40
349,18,100,1:20,55:20,28:20
350,18,100,1:40,32:40,17:40
351,18,110,1:20,71:20,36:20
352,18,110,1:40,43:40,22:40
353,18,120,1:20,86:20,44:20
354,18,120,1:20,55:20,29:20
355,18,130,1:20,112:20,57:20
356,18,130,1:20,64:20,33:20
357,18,140,1:20,134:20,68:20
358,18,140,1:20,72:20,37:20
359,18,150,1:20,161:20,81:20
360,18,150,1:20,81:20,42:20
361,18,160,1:20,194:20,98:20
362,18,160,1:20,94:20,48:20
363,18,170,1:20,222:20,112:20
364,18,170,1:20,105:20,54:20
365,18,180,1:20,266:20,134:20
366,18,180,1:20,118:20,60:20
367,18,190,1:20,326:20,164:20
368,18,190,1:20,131:20,66:20
369,18,200,1:20,385:20,193:20
370,18,200,1:20,144:20,73:20
371,18,210,1:20,433:20,217:20
372,18,210,1:20,157:20,80:20
373,18,220,1:20,475:20,238:20
374,18,220,1:20,172:20,87:20
375,18,230,1:20,511:20,256:20
376,18,230,1:20,187:20,95:20
377,18,240,1:20,543:20,272:20
378,18,240,1:20,203:20,102:20
379,18,270,1:20,248:20,125:20
380,18,300,1,288,145
381,18,330,1,322,162
382,18,360,1,353,177
383,18,390,1,381,192
384,18,420,1,407,204
385,18,450,1,431,217
386,18,480,1,452,227
387,18,510,1,470,236
388,18,540,1,488,245
389,18,570,1,503,253
390,18,600,1,517,260
391,18,630,1,530,266
392,18,660,1,542,272
393,18,690,1,552,277
394,18,720,1,562,283
395,18,750,1,571,287
396,18,780,1,580,291
397,18,810,1,587,295
398,18,840,1,594,299
399,21,43,2:20,2:20,0
400,21,45,1:40,2:40,2:40
401,21,45,2,3,3
402,21,50,1:40,8:40,5:40
403,21,50,2,8,5
404,21,55,1:40,14:40,8:40
405,21,55,2,14,8
406,21,60,1:40,19:40,10:40
407,21,60,2,20,11
408,21,65,1:40,24:40,13:40
409,21,65,2,26,14
410,21,70,1:40,30:40,16:40
411,21,70,2,31,17
412,21,75,1:40,45:40,23:40
413,21,75,2,36,19
414,21,80,1:40,57:40,29:40
415,21,80,1:40,39:40,21:40
416,21,85,1:40,68:40,35:40
417,21,85,1:40,43:40,23:40
418,21,90,1:40,78:40,40:40
419,21,90,1:40,51:40,26:40
420,21,100,1:40,98:40,50:40
421,21,100,1:40,65:40,34:40
422,21,110,1:40,130:40,66:40
423,21,110,1:40,77:40,39:40
424,21,120,1:40,156:40,79:40
425,21,120,1:40,88:40,45:40
426,21,130,1:40,198:40,100:40
427,21,130,1:40,103:40,52:40
428,21,140,1:40,233:40,117:40
429,21,140,1:40,118:40,60:40
430,21,150,1:20,288:20,145:20
431,21,150,1:20,136:20,69:20
432,21,160,1:20,369:20,185:20
433,21,160,1:20,154:20,78:20
434,21,170,1:20,435:20,219:20
435,21,170,1:20,171:20,87:20
436,21,180,1:20,491:20,247:20
437,21,180,1:20,190:20,96:20
438,21,190,1:20,537:20,270:20
439,21,190,1:20,211:20,107:20
440,21,200,1:20,580:20,291:20
441,21,200,1:20,233:20,117:20
442,21,210,1:20,255:20,129:20
443,21,220,1:20,275:20,139:20
444,21,230,1:20,294:20,148:20
445,21,240,1:20,311:20,157:20
446,21,270,1:20,358:20,180:20
447,21,300,1:20,398:20,201:20
448,21,330,1:20,436:20,220:20
449,21,360,1:20,469:20,236:20
450,21,390,1,499,251
451,21,420,1,526,265
452,21,450,1,550,276
453,21,480,1,572,288
454,21,510,1,593,298
455,24,33,2:40,2:40,0
456,24,35,2,4,3
457,24,35,2:20,4:20,3:20
458,24,40,2,9,6
459,24,40,2:20,9:20,6:20
460,24,45,2,16,9
461,24,45,2:20,15:20,9:20
462,24,50,2,23,13
463,24,50,2:20,24:20,13:20
464,24,55,2,30,16
465,24,55,2,31,17
466,24,60,2,37,20
467,24,60,2,38,21
468,24,65,2,54,28
469,24,65,2,44,24
470,24,70,2,69,36
471,24,70,2,49,26
472,24,75,2,81,42
473,24,75,2,56,30
474,24,80,2,91,47
475,24,80,2,65,34
476,24,85,2,105,54
477,24,85,2,73,38
478,24,90,2,125,64
479,24,90,2,81,42
480,24,100,1:40,160:40,81:40
481,24,100,1:40,95:40,49:40
482,24,110,1:40,212:40,107:40
483,24,110,1:40,115:40,59:40
484,24,120,1:40,262:40,132:40
485,24,120,1:40,135:40,69:40
486,24,130,1:40,342:40,172:40
487,24,130,1:40,158:40,80:40
488,24,140,1:40,432:40,217:40
489,24,140,1:40,179:40,90:40
490,24,150,1:40,500:40,251:40
491,24,150,1:40,203:40,102:40
492,24,160,1:40,555:40,278:40
493,24,160,1:40,227:40,114:40
494,24,170,1:40,255:40,129:40
495,24,180,1:40,282:40,142:40
496,24,190,1:20,307:20,156:20
497,24,200,1:20,330:20,166:20
498,24,210,1:20,350:20,177:20
499,24,220,1:20,371:20,187:20
500,24,230,1:20,391:20,197:20
501,24,240,1:20,409:20,206:20
502,24,270,1:20,462:20,232:20
503,24,300,1:20,507:20,255:20
504,24,330,1:20,545:20,275:20
505,24,360,1:20,580:20,292:20
506,27,30,2:20,7:20,5:20
507,27,30,2:40,7:40,5:40
508,27,35,2:20,13:20,8:20
509,27,35,2:40,14:40,8:40
510,27,40,2:20,20:20,11:20
511,27,40,2:40,20:40,11:40
512,27,45,2:20,29:20,16:20
513,27,45,2:20,30:20,16:20
514,27,50,2:20,37:20,20:20
515,27,50,2:20,39:20,21:20
516,27,55,2:20,52:20,27:20
517,27,55,2:20,47:20,25:20
518,27,60,2:20,70:20,36:20
519,27,60,2:20,54:20,29:20
520,27,65,2:20,84:20,43:20
521,27,65,2:20,60:20,32:20
522,27,70,2,98,50
523,27,70,2,72,38
524,27,75,2,117,60
525,27,75,2,82,43
526,27,80,2,143,73
527,27,80,2,92,48
528,27,85,2,165,84
529,27,85,2,102,53
530,27,90,2,191,97
531,27,90,2,114,59
532,27,100,2,251,127
533,27,100,2,138,70
534,27,110,2,330,167
535,27,110,2,164,84
536,27,120,1:40,444:40,223:40
537,27,120,1:40,190:40,96:40
538,27,130,1:40,526:40,264:40
539,27,130,1:40,220:40,112:40
540,27,140,1:40,592:40,298:40
541,27,140,1:40,253:40,128:40
542,27,150,1:40,287:40,145:40
543,27,160,1:40,318:40,161:40
544,27,170,1:40,346:40,174:40
545,27,180,1:40,371:40,187:40
546,27,190,1:40,396:40,199:40
547,27,200,1:40,419:40,211:40
548,27,210,1:40,441:40,222:40
549,27,220,1:40,463:40,233:40
550,27,230,1:40,485:40,244:40
551,27,240,1:40,504:40,254:40
552,27,270,1:20,558:20,281:20
553,30,25,2:40,7:40,5:40
554,30,25,3,8,6
555,30,30,2:40,14:40,8:40
556,30,30,3,17,10
557,30,35,2:40,21:40,12:40
558,30,35,2:40,23:40,13:40
559,30,40,2:40,32:40,17:40
560,30,40,2:40,33:40,18:40
561,30,45,2:40,42:40,22:40
562,30,45,2:40,43:40,23:40
563,30,50,2:20,63:20,33:20
564,30,50,2:20,53:20,28:20
565,30,55,2:20,83:20,43:20
566,30,55,2:20,61:20,32:20
567,30,60,2:20,99:20,51:20
568,30,60,2:20,73:20,38:20
569,30,65,2:20,119:20,61:20
570,30,65,2:20,86:20,45:20
571,30,70,2:20,148:20,75:20
572,30,70,2:20,97:20,50:20
573,30,75,2:20,173:20,88:20
574,30,75,2:20,109:20,57:20
575,30,80,2,208,106
576,30,80,2,125,65
577,30,85,2,244,124
578,30,85,2,139,71
579,30,90,2,283,144
580,30,90,2,153,79
581,30,100,2,406,205
582,30,100,2,188,96
583,30,110,2,514,259
584,30,110,2,222,114
585,30,120,2,593,298
586,30,120,2,258,131
587,30,130,2,298,151
588,30,140,1:40,336:40,170:40
589,30,150,1:40,368:40,186:40
590,30,160,1:40,398:40,201:40
591,30,170,1:40,428:40,215:40
592,30,180,1:40,455:40,229:40
593,30,190,1:40,483:40,244:40
594,30,200,1:40,508:40,256:40
595,30,210,1:40,531:40,268:40
596,30,220,1:40,554:40,279:40
597,30,230,1:40,575:40,289:40
598,30,240,1:40,596:40,300:40
599,33,17,3:40,3:40,0
600,33,20,3,6,5
601,33,20,3:20,6:20,5:20
602,33,25,3,14,9
603,33,25,3:20,16:20,10:20
604,33,30,3,23,13
605,33,30,3,25,15
606,33,35,3,34,19
607,33,35,3,34,19
608,33,40,2:40,45:40,24:40
609,33,40,2:40,46:40,24:40
610,33,45,2:40,69:40,36:40
611,33,45,2:40,57:40,31:40
612,33,50,2:40,91:40,47:40
613,33,50,2:40,67:40,36:40
614,33,55,2:20,109:20,57:20
615,33,55,2:20,83:20,44:20
616,33,60,2:20,141:20,72:20
617,33,60,2:20,97:20,51:20
618,33,65,2:20,171:20,88:20
619,33,65,2:20,110:20,58:20
620,33,70,2:20,209:20,106:20
621,33,70,2:20,128:20,66:20
622,33,75,2:20,250:20,127:20
623,33,75,2:20,145:20,75:20
624,33,80,2:20,296:20,150:20
625,33,80,2:20,161:20,82:20
626,33,85,2:20,363:20,183:20
627,33,85,2:20,182:20,93:20
628,33,90,2:20,441:20,222:20
629,33,90,2:20,201:20,102:20
630,33,100,2,555,279
631,33,100,2,242,123
632,33,110,2,290,147
633,33,120,2,337,170
634,33,130,2,376,190
635,33,140,2,412,208
636,33,150,2,445,224
637,33,160,1:40,477:40,240:40
638,33,170,1:40,510:40,256:40
639,33,180,1:40,537:40,268:40
640,33,190,1:40,566:40,281:40
641,33,200,1:40,592:40,294:40
642,36,15,4,4,0
643,36,20,3:20,10:20,7:20
644,36,20,3:40,11:40,7:40
645,36,25,3:20,21:20,12:20
646,36,25,3:20,23:20,13:20
647,36,30,3:20,31:20,17:20
648,36,30,3:20,33:20,18:20
649,36,35,3,45,24
650,36,35,3,46,25
651,36,40,3,70,37
652,36,40,3,58,31
653,36,45,2:40,96:40,50:40
654,36,45,2:40,71:40,37:40
655,36,50,2:40,117:40,60:40
656,36,50,2:40,89:40,46:40
657,36,55,2:40,156:40,80:40
658,36,55,2:40,105:40,54:40
659,36,60,2:40,188:40,96:40
660,36,60,2:40,122:40,63:40
661,36,65,2:20,239:20,122:20
662,36,65,2:20,142:20,74:20
663,36,70,2:20,286:20,146:20
664,36,70,2:20,161:20,83:20
665,36,75,2:20,357:20,181:20
666,36,75,2:20,185:20,95:20
667,36,80,2:20,449:20,226:20
668,36,80,2:20,208:20,105:20
669,36,85,2:20,518:20,261:20
670,36,85,2:20,231:20,118:20
671,36,90,2:20,577:20,290:20
672,36,90,2:20,255:20,130:20
673,36,100,2:20,311:20,158:20
674,36,110,2:20,361:20,184:20
675,36,120,2,406,203
676,36,130,2,448,222
677,36,140,2,486,239
678,36,150,2,523,257
679,36,160,2,555,272
680,36,170,2,587,287
681,39,12,4:20,4:20,0
682,39,15,3:40,7:40,5:40
683,39,15,4,8,6
684,39,20,3:40,16:40,10:40
685,39,20,3:40,18:40,11:40
686,39,25,3:20,28:20,16:20
687,39,25,3:20,30:20,18:20
688,39,30,3:20,41:20,23:20
689,39,30,3:20,42:20,23:20
690,39,35,3,66,36
691,39,35,3,57,32
692,39,40,3,96,50
693,39,40,3,72,38
694,39,45,3,122,63
695,39,45,3,93,49
696,39,50,2:40,164:40,85:40
697,39,50,2:40,110:40,58:40
698,39,55,2:40,205:40,105:40
699,39,55,2:40,131:40,68:40
700,39,60,2:40,260:40,132:40
701,39,60,2:40,153:40,79:40
702,39,65,2:40,322:40,164:40
703,39,65,2:40,176:40,91:40
704,39,70,2:40,419:40,212:40
705,39,70,2:40,203:40,104:40
706,39,75,2:20,505:20,254:20
707,39,75,2:20,230:20,117:20
708,39,80,2:20,575:20,288:20
709,39,80,2:20,257:20,129:20
710,39,85,2:20,631:20,316:20
711,39,85,2:20,288:20,145:20
712,39,90,2:20,322:20,161:20
713,39,100,2:20,378:20,188:20
714,39,110,2:20,428:20,209:20
715,39,120,2:20,474:20,230:20
716,39,130,2,518,249
717,39,140,2,559,269
718,39,150,2,596,286
719,42,10,4:40,4:40,0
720,42,15,4,11,8
721,42,15,4,12,9
722,42,20,4,23,14
723,42,20,4,25,15
724,42,25,3:40,35:40,20:40
725,42,25,3:40,37:40,21:40
726,42,30,3:20,52:20,28:20
727,42,30,3:20,52:20,28:20
728,42,35,3:20,90:20,47:20
729,42,35,3:20,68:20,37:20
730,42,40,3:20,119:20,62:20
731,42,40,3:20,91:20,48:20
732,42,45,3,166,86
733,42,45,3,113,59
734,42,50,3,212,109
735,42,50,3,136,71
736,42,55,3,272,138
737,42,55,3,161,83
738,42,60,2:40,347:40,173:40
739,42,60,2:40,189:40,94:40
740,42,65,2:40,462:40,230:40
741,42,65,2:40,218:40,108:40
742,42,70,2:40,548:40,272:40
743,42,70,2:40,249:40,122:40
744,42,75,2:40,616:40,306:40
745,42,75,2:40,281:40,139:40
746,42,80,2:40,318:40,156:40
747,42,85,2:20,353:20,174:20
748,42,90,2:20,384:20,188:20
749,42,100,2:20,441:20,212:20
750,42,110,2:20,493:20,235:20
751,42,120,2:20,543:20,257:20
752,42,130,2:20,585:20,277:20
753,45,8,5,5,0
754,45,10,4:20,6:20,5:20
755,45,10,4:40,6:40,5:40
756,45,15,4:20,15:20,10:20
757,45,15,4:20,16:20,11:20
758,45,20,4,29,17
759,45,20,4,31,18
760,45,25,3:40,44:40,24:40
761,45,25,3:40,45:40,25:40
762,45,30,3:40,77:40,40:40
763,45,30,3:40,62:40,33:40
764,45,35,3:20,113:20,59:20
765,45,35,3:20,87:20,46:20
766,45,40,3:20,159:20,81:20
767,45,40,3:20,111:20,58:20
768,45,45,3:20,205:20,105:20
769,45,45,3:20,134:20,69:20
770,45,50,3,276,139
771,45,50,3,164,83
772,45,55,3,364,181
773,45,55,3,196,97
774,45,60,3,486,240
775,45,60,3,228,111
776,45,65,2:40,575:40,283:40
777,45,65,2:40,262:40,127:40
778,45,70,2:40,646:40,318:40
779,45,70,2:40,301:40,146:40
780,45,75,2:40,342:40,166:40
781,45,80,2:40,378:40,184:40
782,45,85,2:40,411:40,198:40
783,45,90,2:40,443:40,211:40
784,45,100,2:20,502:20,237:20
785,45,110,2:20,558:20,261:20
786,48,7,5:20,5:20,0
787,48,10,4:40,8:40,6:40
788,48,10,5,9,7
789,48,15,4:20,19:20,12:20
790,48,15,4:20,20:20,13:20
791,48,20,4,35,21
792,48,20,4,37,22
793,48,25,4,54,30
794,48,25,4,55,30
795,48,30,3:40,100:40,52:40
796,48,30,3:40,76:40,40:40
797,48,35,3:20,142:20,74:20
798,48,35,3:20,105:20,55:20
799,48,40,3:20,196:20,99:20
800,48,40,3:20,129:20,66:20
801,48,45,3:20,269:20,133:20
802,48,45,3:20,162:20,80:20
803,48,50,3:20,356:20,175:20
804,48,50,3:20,196:20,95:20
805,48,55,3,494,242
806,48,55,3,233,112
807,48,60,3,591,289
808,48,60,3,272,130
809,48,65,3,317,152
810,48,70,2:40,360:40,171:40
811,48,75,2:40,399:40,190:40
812,48,80,2:40,434:40,205:40
813,48,85,2:40,468:40,220:40
814,48,90,2:40,501:40,233:40
815,48,100,2:40,564:40,261:40
816,51,6,5:40,5:40,0
817,51,10,5,11,8
818,51,10,5,11,8
819,51,15,4:40,24:40,15:40
820,51,15,4:40,25:40,15:40
821,51,20,4:20,42:20,24:20
822,51,20,4:20,42:20,24:20
823,51,25,4,78,42
824,51,25,4,65,35
825,51,30,3:40,120:40,62:40
826,51,30,3:40,93:40,48:40
827,51,35,3:40,179:40,89:40
828,51,35,3:40,122:40,61:40
829,51,40,3:20,249:20,123:20
830,51,40,3:20,154:20,76:20
831,51,45,3:20,341:20,167:20
832,51,45,3:20,192:20,92:20
833,51,50,3:20,485:20,237:20
834,51,50,3:20,232:20,111:20
835,51,55,3:20,593:20,288:20
836,51,55,3:20,274:20,129:20
837,51,60,3,325,154
838,51,65,3,372,175
839,51,70,3,413,196
840,51,75,3,452,212
841,51,80,2:40,489:40,226:40
842,51,85,2:40,526:40,242:40
843,51,90,2:40,560:40,258:40
844,54,6,6,6,0
845,54,10,5:20,13:20,9:20
846,54,10,5:20,14:20,10:20
847,54,15,4:40,29:40,17:40
848,54,15,4:40,30:40,17:40
849,54,20,4:20,51:20,28:20
850,54,20,4:20,51:20,29:20
851,54,25,4,99,51
852,54,25,4,75,40
853,54,30,4,150,76
854,54,30,4,111,57
855,54,35,3:40,216:40,106:40
856,54,35,3:40,142:40,69:40
857,54,40,3:40,308:40,150:40
858,54,40,3:40,181:40,87:40
859,54,45,3:20,457:20,222:20
860,54,45,3:20,226:20,107:20
861,54,50,3:20,583:20,282:20
862,54,50,3:20,271:20,126:20
863,54,55,3:20,324:20,152:20
864,54,60,3:20,378:20,177:20
865,54,65,3,422,198
866,54,70,3,466,216
867,54,75,3,506,232
868,54,80,3,546,250
869,54,85,3,582,266
870,57,5,6:20,6:20,0
871,57,10,5:20,16:20,11:20
872,57,10,5:20,17:20,12:20
873,57,15,4:40,34:40,21:40
874,57,15,4:40,35:40,21:40
875,57,20,4:40,63:40,35:40
876,57,20,4:40,60:40,34:40
877,57,25,4:20,117:20,60:20
878,57,25,4:20,91:20,47:20
879,57,30,4,184,91
880,57,30,4,127,63
881,57,35,3:40,269:40,131:40
882,57,35,3:40,165:40,79:40
883,57,40,3:40,401:40,194:40
884,57,40,3:40,212:40,99:40
885,57,45,3:40,556:40,268:40
886,57,45,3:40,261:40,121:40
887,57,50,3:40,317:40,148:40
888,57,55,3:20,377:20,175:20
889,57,60,3:20,426:20,199:20
890,57,65,3:20,472:20,218:20
891,57,70,3,517,236
892,57,75,3,560,254
893,57,80,3,599,271
894,60,5,6:40,6:40,0
895,60,10,5:40,19:40,13:40
896,60,10,5:40,20:40,13:40
897,60,15,5,39,22
898,60,15,5,41,23
899,60,20,4:40,82:40,43:40
900,60,20,4:40,69:40,36:40
901,60,25,4:20,137:20,67:20
902,60,25,4:20,106:20,52:20
903,60,30,4,217,106
904,60,30,4,145,70
905,60,35,4,331,160
906,60,35,4,192,91
907,60,40,3:40,506:40,243:40
908,60,40,3:40,243:40,112:40
909,60,45,3:40,635:40,305:40
910,60,45,3:40,301:40,139:40
911,60,50,3:40,368:40,170:40
912,60,55,3:40,422:40,194:40
913,60,60,3:20,474:20,217:20
914,60,65,3:20,522:20,238:20
915,60,70,3:20,568:20,257:20
916,63,5,6:20,8:20,7:20
917,63,5,6:40,8:40,7:40
918,63,10,5:40,22:40,14:40
919,63,10,5:40,23:40,15:40
920,63,15,5,47,27
921,63,15,5,48,27
922,63,20,4:40,101:40,51:40
923,63,20,4:40,78:40,40:40
924,63,25,4:20,169:20,82:20
925,63,25,4:20,121:20,58:20
926,63,30,4:20,266:20,129:20
927,63,30,4:20,166:20,80:20
928,63,35,4,422,202
929,63,35,4,221,102
930,63,40,4,591,284
931,63,40,4,279,128
932,63,45,3:40,349:40,159:40
933,63,50,3:40,412:40,188:40
934,63,55,3:40,469:40,214:40
935,63,60,3:40,520:40,236:40
936,63,65,3:20,572:20,258:20
937,66,5,6:40,9:40,8:40
938,66,5,7,10,9
939,66,10,6,26,17
940,66,10,6,27,18
941,66,15,5:20,54:20,30:20
942,66,15,5:20,55:20,31:20
943,66,20,5,118,59
944,66,20,5,92,46
945,66,25,4:40,198:40,95:40
946,66,25,4:40,135:40,63:40
947,66,30,4:20,317:20,152:20
948,66,30,4:20,188:20,88:20
949,66,35,4,518,248
950,66,35,4,250,114
951,66,40,4,321,147
952,66,45,4,394,180
953,66,50,3:40,454:40,207:40
954,66,55,3:40,513:40,232:40
955,66,60,3:40,569:40,255:40
