profile_id,dive_depth_fsw,bottom_time_min,ascent_to_1st_stop_min,total_deco_air_min,total_deco_o2_min
1,30,371,1,1,0
2,30,380,0:20,6,2
3,30,420,0:20,23,6
4,30,480,0:20,43,10
5,30,540,0:20,72,15
6,30,600,0:20,93,20
7,30,660,0:20,121,23
8,30,720,0:20,159,28
9,35,232,1:10,1:10,1:10
10,35,240,0:30,5:10,3:10
11,35,270,0:30,29:10,8:10
12,35,300,0:30,54:10,14:10
13,35,330,0:30,72:10,19:10
14,35,360,0:30,89:10,23:10
15,35,420,0:30,135:10,30:10
16,35,480,0:30,174:10,44:10
17,35,540,0:30,229:10,51:10
18,35,600,0:30,278:10,59:10
19,35,660,0:30,315:10,69:10
20,35,720,0:30,343:10,82:10
21,40,163,1:20,1:20,1:20
22,40,170,0:40,7:20,3:20
23,40,180,0:40,15:20,6:20
24,40,190,0:40,22:20,8:20
25,40,200,0:40,28:20,10:20
26,40,210,0:40,40:20,12:20
27,40,220,0:40,53:20,13:20
28,40,230,0:40,65:20,17:20
29,40,240,0:40,76:20,20:20
30,40,270,0:40,102:20,27:20
31,40,300,0:40,129:20,34:20
32,40,330,0:40,161:20,44:20
33,40,360,0:40,185:20,50:20
34,40,420,0:40,249:20,62:20
35,40,480,0:40,322:20,79:20
36,40,540,0:40,373:20,91:20
37,40,600,0:40,411:20,104:20
38,40,660,0:40,440:20,119:20
39,40,720,0:40,462:20,128:20
40,45,125,1:30,1:30,1:30
41,45,130,0:50,3:30,2:30
42,45,140,0:50,15:30,6:30
43,45,150,0:50,26:30,9:30
44,45,160,0:50,35:30,12:30
45,45,170,0:50,42:30,15:30
46,45,180,0:50,60:30,18:30
47,45,190,0:50,76:30,20:30
48,45,200,0:50,90:30,24:30
49,45,210,0:50,102:30,28:30
50,45,220,0:50,113:30,31:30
51,45,230,0:50,122:30,34:30
52,45,240,0:50,131:30,43:30
53,45,270,0:50,174:30,51:30
54,45,300,0:50,207:30,57:30
55,45,330,0:50,244:30,67:30
56,45,360,0:50,289:30,80:30
57,45,420,0:50,374:30,95:30
58,45,480,0:50,432:30,117:30
59,45,540,0:50,474:30,133:30
60,50,92,1:40,1:40,1:40
61,50,95,1,3:40,2:40
62,50,100,1,5:40,3:40
63,50,110,1,9:40,5:40
64,50,120,1,22:40,8:40
65,50,130,1,35:40,13:40
66,50,140,1,46:40,17:40
67,50,150,1,57:40,20:40
68,50,160,1,79:40,24:40
69,50,170,1,97:40,27:40
70,50,180,1,112:40,31:40
71,50,190,1,126:40,36:40
72,50,200,1,137:40,45:40
73,50,210,1,148:40,49:40
74,50,220,1,167:40,53:40
75,50,230,1,184:40,56:40
76,50,240,1,199:40,59:40
77,50,270,1,237:40,68:40
78,50,300,1,286:40,85:40
79,50,330,1,346:40,94:40
80,50,360,1,394:40,103:40
81,50,420,1,465:40,129:40
82,55,74,1:50,1:50,1:50
83,55,75,1:10,2:50,2:50
84,55,80,1:10,5:50,3:50
85,55,90,1:10,11:50,6:50
86,55,100,1:10,18:50,9:50
87,55,110,1:10,35:50,13:50
88,55,120,1:10,49:50,18:50
89,55,130,1:10,60:50,23:50
90,55,140,1:10,85:50,27:50
91,55,150,1:10,106:50,31:50
92,55,160,1:10,124:50,35:50
93,55,170,1:10,139:50,46:50
94,55,180,1:10,152:50,51:50
95,55,190,1:10,170:50,56:50
96,55,200,1:10,191:50,60:50
97,55,210,1:10,209:50,64:50
98,55,220,1:10,225:50,68:50
99,55,230,1:10,240:50,77:50
100,55,240,1:10,255:50,80:50
101,55,270,1:10,314:50,94:50
102,55,300,1:10,381:50,105:50
103,55,330,1:10,433:50,122:50
104,55,360,1:10,475:50,134:50
105,60,63,2,2,2
106,60,65,1:20,4,3
107,60,70,1:20,9,6
108,60,80,1:20,16,9
109,60,90,1:20,25,12
110,60,100,1:20,44,17
111,60,110,1:20,59,23
112,60,120,1:20,77,28
113,60,130,1:20,104,33
114,60,140,1:20,126,37
115,60,150,1:20,145,48
116,60,160,1:20,160,55
117,60,170,1:20,180,60
118,60,180,1:20,203,66
119,60,190,1:20,224,71
120,60,200,1:20,242,80
121,60,210,1:20,258,85
122,60,220,1:20,280,89
123,60,230,1:20,302,94
124,60,240,1:20,323,100
125,60,270,1:20,400,119
126,60,300,1:20,458,132
127,70,48,2:20,2:20,2:20
128,70,50,1:40,4:20,3:20
129,70,55,1:40,11:20,7:20
130,70,60,1:40,16:20,10:20
131,70,70,1:40,26:20,15:20
132,70,80,1:40,46:20,19:20
133,70,90,1:40,66:20,26:20
134,70,100,1:40,90:20,33:20
135,70,110,1:40,122:20,45:20
136,70,120,1:40,147:20,51:20
137,70,130,1:40,169:20,58:20
138,70,140,1:40,191:20,66:20
139,70,150,1:40,221:20,78:20
140,70,160,1:20,247,85
141,70,170,1:20,269,91
142,70,180,1:20,295,97
143,70,190,1:20,323,103
144,70,200,1:20,356,115
145,70,210,1:20,393,122
146,70,240,1:20,481,140
147,80,39,2:40,2:40,2:40
148,80,40,2,3:40,3:40
149,80,45,2,12:40,7:40
150,80,50,2,19:40,11:40
151,80,55,2,26:40,15:40
152,80,60,2,32:40,18:40
153,80,70,2,56:40,24:40
154,80,80,2,79:40,32:40
155,80,90,2,116:40,46:40
156,80,100,1:40,150:20,54:20
157,80,110,1:40,179:20,61:20
158,80,120,1:40,212:20,71:20
159,80,130,1:40,248:20,86:20
160,80,140,1:40,277:20,94:20
161,80,150,1:40,306:20,102:20
162,80,160,1:40,341:20,114:20
163,80,170,1:40,383:20,121:20
164,80,180,1:40,426:20,130:20
165,80,210,1:40,526:20,158:20
166,90,33,3,3,3
167,90,35,2:20,7,5
168,90,40,2:20,17,10
169,90,45,2:20,26,15
170,90,50,2:20,34,20
171,90,55,2:20,42,24
172,90,60,2:20,59,27
173,90,70,2:20,86,35
174,90,80,2,132:40,50:40
175,90,90,2,173:40,60:40
176,90,100,2,206:40,70:40
177,90,110,2,251:40,86:40
178,90,120,1:40,288:20,98:40
179,90,130,1:40,326:20,110:40
180,90,140,1:40,368:20,126:40
181,90,150,1:40,425:20,139:40
182,90,160,1:40,473:20,151:40
183,90,170,1:40,513:20,166:40
184,90,180,1:40,548:20,176:40
185,90,240,1:40,704:20,267:40
186,100,25,3:20,3:20,3:20
187,100,30,2:40,6:20,5:20
188,100,35,2:40,18:20,11:20
189,100,40,2:40,29:20,17:20
190,100,45,2:40,39:20,22:20
191,100,50,2:40,50:20,27:20
192,100,55,2:40,68:20,31:20
193,100,60,2:40,84:20,36:20
194,100,70,2:20,138,53
195,100,80,2:20,184,64
196,100,90,2,228:40,82
197,100,100,2,280:40,102
198,100,110,2,322:40,117
199,100,120,2,373:40,136
200,100,150,1:40,538:20,183:40
201,110,20,3:40,3:40,3:40
202,110,25,3,8:40,6:40
203,110,30,3,17:40,10:40
204,110,35,3,30:40,17:40
205,110,40,3,42:40,23:40
206,110,45,3,53:40,29:40
207,110,50,3,74:40,35:40
208,110,55,2:40,93:20,44:20
209,110,60,2:40,127:20,51:20
210,110,70,2:40,184:20,64:20
211,110,80,2:20,240,90:20
212,110,90,2:20,298,113:20
213,110,100,2:20,351,131:20
214,110,110,2,414:40,154
215,110,120,2,486:40,173
216,110,180,1:40,736:20,298:40
217,120,15,4,4,4
218,120,20,3:20,8,6
219,120,25,3:20,13,9
220,120,30,3:20,28,17
221,120,35,3:20,42,24
222,120,40,3,54:40,30:40
223,120,45,3,77:40,36:40
224,120,50,3,98:40,46:40
225,120,55,3,138:40,53:40
226,120,60,3,172:40,61:40
227,120,70,2:40,234:20,86:40
228,120,80,2:40,301:20,118:40
229,120,90,2:20,367,140:20
230,120,100,2:20,443,167:20
231,120,110,2:20,520,188:20
232,120,120,2,580:40,211
233,130,12,4:20,4:20,4:20
234,130,15,3:40,7:20,6:20
235,130,20,3:40,12:20,9:20
236,130,25,3:40,21:20,13:20
237,130,30,3:20,38,22
238,130,35,3:20,53,30
239,130,40,3:20,76,37
240,130,45,3,99:40,49
241,130,50,3,143:40,57
242,130,55,3,181:40,67
243,130,60,3,213:40,81
244,130,70,2:40,293:20,117:40
245,130,80,2:40,366:20,144:40
246,130,90,2:40,453:20,174:40
247,130,100,2:20,540,204:20
248,130,120,2:20,662,255:20
249,130,180,2,890:40,418
250,140,10,4:40,4:40,4:40
251,140,15,4,4:40,4:40
252,140,20,4,17:40,11:40
253,140,25,3:40,31:20,18:20
254,140,30,3:40,48:20,27:20
255,140,35,3:20,71,36:20
256,140,40,3:20,97,50:20
257,140,45,3:20,141,59:20
258,140,50,3:20,184,70:20
259,140,55,3,219:40,85
260,140,60,3,265:40,109
261,140,70,3,347:40,142
262,140,80,2:40,445:20,175:40
263,140,90,2:40,545:20,210:40
264,150,8,5,5,5
265,150,10,4:20,7,6
266,150,15,4:20,13,10
267,150,20,4,21:40,13:40
268,150,25,4,40:40,22:40
269,150,30,3:40,60:20,34:40
270,150,35,3:40,91:20,44:40
271,150,40,3:20,132,59:20
272,150,45,3:20,181,72:20
273,150,50,3:20,220,87:20
274,150,55,3:20,272,113:20
275,150,60,3:20,317,132:20
276,150,70,3,413:40,170
277,150,80,3,532:40,205
278,150,90,2:40,620:20,239:40
279,150,120,2:20,804,356:20
280,150,180,2,1027:40,538
281,160,7,5:20,5:20,5:20
282,160,10,4:40,9:20,7:20
283,160,15,4:20,17,12
284,160,20,4,28:40,18
285,160,25,4,50:40,30
286,160,30,3:40,81:20,42:40
287,160,35,3:40,111:20,57:40
288,160,40,3:40,171:20,70:40
289,160,45,3:20,216,86:20
290,160,50,3:20,268,113:20
291,160,55,3:20,320,135:20
292,160,60,3:20,372,154:20
293,160,70,3:20,496,197:20
294,160,80,3,605:40,237
295,170,6,5:40,5:40,5:40
296,170,10,5,11:40,8:40
297,170,15,4:40,21:20,13:20
298,170,20,4:20,38,23:20
299,170,25,4,60:40,37
300,170,30,4,100:40,50
301,170,35,3:40,153:20,68:40
302,170,40,3:40,206:20,84:40
303,170,45,3:40,257:20,109:40
304,170,50,3:20,316,134:20
305,170,55,3:20,372,156:20
306,170,60,3:20,436,181:20
307,170,70,3:20,572,228:20
308,170,80,3:20,670,267:20
309,170,90,3,752:40,319
310,170,120,2:40,928:20,454:40
311,170,180,2:20,1159,648
312,180,6,6,6,6
313,180,10,5:20,14,10
314,180,15,4:40,24:20,16:40
315,180,20,4:20,47,29:20
316,180,25,4:20,80,44:20
317,180,30,4,121:40,63
318,180,35,3:40,188:20,79:40
319,180,40,3:40,236:20,97:40
320,180,45,3:40,306:20,130:40
321,180,50,3:40,360:20,154:40
322,180,55,3:40,429:20,181:40
323,180,60,3:20,511,205:20
324,180,70,3:20,637,253:20
325,190,5,6:20,6:20,6:20
326,190,10,5:20,16,11
327,190,15,4:40,28:20,19:40
328,190,20,4:20,55,35:20
329,190,25,4:20,99,51:20
330,190,30,4,158:40,74
331,190,35,4,218:40,91
332,190,40,3:40,285:20,123:40
333,190,45,3:40,346:20,149:40
334,190,50,3:40,417:20,179:40
335,190,55,3:40,502:20,204:40
336,190,60,3:40,578:20,233:40
337,190,90,3:20,863,408:20
338,190,120,3,1040:40,551
339,200,5,6:40,6:40,6:40
340,200,10,5:40,17:20,12:20
341,200,15,5,34:40,23
342,200,20,4:40,67:20,41:40
343,200,25,4:20,115,64:20
344,200,30,4:20,191,84:20
345,200,35,4,251:40,106
346,200,40,4,327:40,143
347,200,45,3:40,397:20,168:40
348,200,50,3:40,485:20,201:40
349,210,4,7,7,7
350,210,5,6:20,9,8
351,210,10,5:40,20:20,14:40
352,210,15,5,42:40,28
353,210,20,4:40,84:20,47:40
354,210,25,4:40,144:20,73:40
355,210,30,4:20,219,93:20
356,210,35,4,296:40,130
357,210,40,4,366:40,161
358,210,45,4,456:40,194
359,210,50,3:40,553:20,223:40
360,220,4,7:20,7:20,7:20
361,220,5,6:40,10:20,9:20
362,220,10,6,23:40,17
363,220,15,5:20,50,33:20
364,220,20,5,100:40,54
365,220,25,4:40,176:20,82:40
366,220,30,4:20,248,106:20
367,220,35,4:20,334,147:20
368,220,40,4,416:40,183
369,250,4,7:40,12:20,10:20
370,250,5,7:40,15:20,12:20
371,250,10,6:20,33,24:20
372,250,15,5:40,83:20,49:40
373,250,20,5:20,168,82:20
374,250,25,5,258:40,112
375,250,30,4:40,358:20,160:40
376,250,35,4:40,472:20,203:40
377,300,4,9,19:40,15:40
378,300,5,8:40,23:20,18:40
379,300,10,7:20,64,44:20
380,300,15,6:20,172,86:20
381,300,20,6,300:40,137
382,300,25,5:40,433:20,195:40